slice,value,support,accuracy,macro_f1,error_rate,support_negative,support_neutral,support_positive
length_bin,"(-1.0, 13.0]",577,0.6880415944540728,0.6908939282244809,0.31195840554592724,220,213,144
length_bin,"(13.0, 20.0]",607,0.7495881383855024,0.689563947477254,0.2504118616144976,386,122,99
length_bin,"(20.0, 24.0]",499,0.779559118236473,0.6003789512919893,0.22044088176352705,378,59,62
length_bin,"(24.0, inf]",466,0.8133047210300429,0.5247641995314187,0.18669527896995708,384,54,28
flag_negation,False,1448,0.7265193370165746,0.701303243775334,0.27348066298342544,777,380,291
flag_negation,True,701,0.8102710413694721,0.5199512163141252,0.18972895863052786,591,68,42
flag_any_oov,False,930,0.7516129032258064,0.702790578732485,0.24838709677419357,560,207,163
flag_any_oov,True,1219,0.7555373256767842,0.6715614627634244,0.24446267432321578,808,241,170
truncated,False,2149,0.7538389948813402,0.6868748078137258,0.2461610051186598,1368,448,333
