config_id,split,oov_rate,truncation_rate
B3-128,train,0.04260147029215391,0.0
B3-128,validation,0.05775208734746307,0.0
B1-20,train,0.04260147029215391,0.455839888479538
B1-20,validation,0.05775208734746307,0.4423877834335956
B3-64,train,0.04260147029215391,0.0
B3-64,validation,0.05775208734746307,0.0
C0,train,0.04260147029215391,0.0
C0,validation,0.05775208734746307,0.0
B5-balanced,train,0.04260147029215391,0.0
B5-balanced,validation,0.05775208734746307,0.0
B1-60,train,0.04260147029215391,0.0
B1-60,validation,0.05775208734746307,0.0
