row_id,tweet_id,airline_sentiment,airline_sentiment_confidence,negativereason,negativereason_confidence,airline,airline_sentiment_gold,name,negativereason_gold,retweet_count,text,tweet_coord,tweet_created,tweet_location,user_timezone,clean_text,canonical_text,group_id
14,570285904809598977,positive,1.0,,,Virgin America,,sjespers,,0,@VirginAmerica Thanks!,,2015-02-24 10:15:29 -0800,"San Francisco, CA",Pacific Time (US & Canada),usermarker thanks,@virginamerica thanks!,14
109,569873669700358144,positive,0.6823,,0.0,Virgin America,,flyfromWAS,,0,"@VirginAmerica has getaway deals through May, from $59 one-way. Lots of cool cities http://t.co/tZZJhuIbCH #CheapFlights #FareCompare",,2015-02-23 06:57:25 -0800,"Washington, DC",Eastern Time (US & Canada),usermarker has getaway deals through may from 59 one way lots of cool cities urlmarker cheapflights farecompare,"@virginamerica has getaway deals through may, from $59 one-way. lots of cool cities http://t.co/tzzjhuibch #cheapflights #farecompare",109
110,569873668131717120,neutral,1.0,,,Virgin America,,flyfromSEA,,0,"@VirginAmerica has getaway deals through May, from $59 one-way. Lots of cool cities http://t.co/RPdBpX3wNd #CheapFlights #FareCompare",,2015-02-23 06:57:24 -0800,Seattle,Central Time (US & Canada),usermarker has getaway deals through may from 59 one way lots of cool cities urlmarker cheapflights farecompare,"@virginamerica has getaway deals through may, from $59 one-way. lots of cool cities http://t.co/rpdbpx3wnd #cheapflights #farecompare",109
111,569873665640292353,positive,0.6806,,,Virgin America,,flyfromNYC,,0,"@VirginAmerica has getaway deals through May, from $59 one-way. Lots of cool cities http://t.co/B2Xi4YG5T8 #CheapFlights #FareCompare",,2015-02-23 06:57:24 -0800,"New York City, NY",Central Time (US & Canada),usermarker has getaway deals through may from 59 one way lots of cool cities urlmarker cheapflights farecompare,"@virginamerica has getaway deals through may, from $59 one-way. lots of cool cities http://t.co/b2xi4yg5t8 #cheapflights #farecompare",109
112,569873664612704256,neutral,0.6529,,,Virgin America,,flyfromLAX,,0,"@VirginAmerica has getaway deals through May, from $59 one-way. Lots of cool cities http://t.co/QDlJHslOI5 #CheapFlights #FareCompare",,2015-02-23 06:57:24 -0800,"Los Angeles, CA",Central Time (US & Canada),usermarker has getaway deals through may from 59 one way lots of cool cities urlmarker cheapflights farecompare,"@virginamerica has getaway deals through may, from $59 one-way. lots of cool cities http://t.co/qdljhsloi5 #cheapflights #farecompare",109
193,569298165855338497,positive,1.0,,,Virgin America,,lexiesalas,,0,@VirginAmerica thanks!,,2015-02-21 16:50:34 -0800,BAYAREA✈️NYC,Pacific Time (US & Canada),usermarker thanks,@virginamerica thanks!,14
231,569205125278859265,positive,1.0,,,Virgin America,,ninjasistah,,0,@VirginAmerica thanks so much!,,2015-02-21 10:40:51 -0800,Massachusetts,Eastern Time (US & Canada),usermarker thanks so much,@virginamerica thanks so much!,231
281,568874645564362752,positive,1.0,,,Virgin America,,AcronymBex,,0,@VirginAmerica Thank you!!,,2015-02-20 12:47:39 -0800,"NY, NY",Eastern Time (US & Canada),usermarker thank you,@virginamerica thank you!!,281
331,568605449659895808,positive,0.6482,,,Virgin America,,SuuperG,,0,@VirginAmerica Thanks!,,2015-02-19 18:57:58 -0800,Wandering So-Cal-ian,Pacific Time (US & Canada),usermarker thanks,@virginamerica thanks!,14
366,568469942711885825,negative,0.6756,Can't Tell,0.6756,Virgin America,,danteusa1,,0,"@VirginAmerica I have 2d and 3d embossed badges and patches superior to the ones you are currently using. 
http://t.co/3fq3XElbOn",,2015-02-19 09:59:30 -0800,,,usermarker i have 2d and 3d embossed badges and patches superior to the ones you are currently using urlmarker,@virginamerica i have 2d and 3d embossed badges and patches superior to the ones you are currently using. http://t.co/3fq3xelbon,366
395,568245360998658048,positive,1.0,,,Virgin America,,GeorgettePierre,,0,@VirginAmerica thank you,,2015-02-18 19:07:06 -0800,your third eye...,Eastern Time (US & Canada),usermarker thank you,@virginamerica thank you,281
504,570307876897628160,positive,1.0,,,United,,rdowning76,,0,@united thanks,,2015-02-24 11:42:48 -0800,usa,,usermarker thanks,@united thanks,14
515,570299889688702976,positive,0.6634,,,United,,nydia376,,0,@united thanks,,2015-02-24 11:11:04 -0800,USA,,usermarker thanks,@united thanks,14
558,570279720937529345,positive,1.0,,,United,,sundialtours,,0,"@united ""Airport snow removal method #22...""
Keep up the good work folks, this is where Cessna's become 747's! http://t.co/9v8tMUsJvU",,2015-02-24 09:50:55 -0800,"Astoria, OR",Tijuana,usermarker airport snow removal method 22 keep up the good work folks this is where cessna s become 747 s urlmarker,"@united ""airport snow removal method #22..."" keep up the good work folks, this is where cessna's become 747's! http://t.co/9v8tmusjvu",558
601,570258476695302144,neutral,0.6638,,,United,,Sri_Philips,,0,@united thank you !,,2015-02-24 08:26:30 -0800,"Chicago, IL, USA",,usermarker thank you,@united thank you !,281
615,570249680535339009,neutral,0.6593,,,United,,screamingbrat,,0,@united Thank you.,,2015-02-24 07:51:33 -0800,"new york, baby",Eastern Time (US & Canada),usermarker thank you,@united thank you.,281
813,570068435805310976,neutral,0.732,,,United,,BinyGlancz,,0,@united I hope so too,,2015-02-23 19:51:21 -0800,,,usermarker i hope so too,@united i hope so too,813
867,570044681670696960,positive,1.0,,,United,,j0rdanj0nes,,0,@united thank you.,,2015-02-23 18:16:57 -0800,Dallas,,usermarker thank you,@united thank you.,281
948,569995706909503488,positive,1.0,,,United,,TuraOntheroad,,0,@united Thank you!,,2015-02-23 15:02:21 -0800,Brooklyn,Pacific Time (US & Canada),usermarker thank you,@united thank you!,281
988,569972884052930560,neutral,0.679,,,United,,twohlix,,0,@united done,,2015-02-23 13:31:39 -0800,"Washington, DC",Eastern Time (US & Canada),usermarker done,@united done,988
994,569971033182048256,positive,0.6534,,,United,,teamcrafty,,0,@united thank you,,2015-02-23 13:24:18 -0800,Grand Rapids,Quito,usermarker thank you,@united thank you,281
1170,569907141596864514,positive,1.0,,,United,,D_WaYnE_01,,0,@united thank you!,,2015-02-23 09:10:25 -0800,,,usermarker thank you,@united thank you!,281
1212,569885015615664129,positive,0.6576,,,United,,e_russell,,0,@united Thanks!,,2015-02-23 07:42:30 -0800,Frequently DC/NYC/San Diego,Eastern Time (US & Canada),usermarker thanks,@united thanks!,14
1477,569705563287896064,positive,0.6629,,,United,,tiamariaroxs,,0,@united thank you!,,2015-02-22 19:49:25 -0800,,,usermarker thank you,@united thank you!,281
1864,569545805826166784,positive,0.3512,,0.0,United,,worldknits,,0,@united thank you,,2015-02-22 09:14:36 -0800,"Fredericksburg, VA",Eastern Time (US & Canada),usermarker thank you,@united thank you,281
1877,569539834131443712,positive,0.6846,,,United,,LisaGetz1,,0,@united THANK YOU!,,2015-02-22 08:50:52 -0800,"Beijing, China",,usermarker thank you,@united thank you!,281
1938,569513703722393601,positive,1.0,,,United,,Angry_VBK,,0,@united thank you,,2015-02-22 07:07:02 -0800,,,usermarker thank you,@united thank you,281
1968,569501080607813633,positive,1.0,,,United,,siobhanvivian,,0,@united just did! Thank you!,,2015-02-22 06:16:53 -0800,the burgh,Eastern Time (US & Canada),usermarker just did thank you,@united just did! thank you!,1968
1969,569500986638798848,positive,1.0,,,United,,GreenkidspenWRA,,0,@united thank you!,,2015-02-22 06:16:30 -0800,Grimsby - UK,,usermarker thank you,@united thank you!,281
2130,569347118034501632,positive,0.6593,,0.0,United,,dHowITzr,,0,@united What a really GREAT &amp; FLATTERING story about you! You should be very proud :) http://t.co/7br5t5QCXk (via @ParachuteGuy),,2015-02-21 20:05:05 -0800,"Toronto, Canada",Eastern Time (US & Canada),usermarker what a really great flattering story about you you should be very proud urlmarker via usermarker,@united what a really great & flattering story about you! you should be very proud :) http://t.co/7br5t5qcxk (via @parachuteguy),2130
2285,569276207696453632,positive,0.6809,,,United,,untalMontfort,,0,@united thanks,"[19.43010575, -99.18988829]",2015-02-21 15:23:19 -0800,"Mexico City, Mexico",Central Time (US & Canada),usermarker thanks,@united thanks,14
2437,569208751972065280,negative,1.0,Customer Service Issue,0.6736,United,,joesanchezr,,0,@united What a really GREAT &amp; FLATTERING story about you! You should be very proud :) http://t.co/oKtUkjY92O (via @ParachuteGuy),,2015-02-21 10:55:16 -0800,"Toronto, Canada",Eastern Time (US & Canada),usermarker what a really great flattering story about you you should be very proud urlmarker via usermarker,@united what a really great & flattering story about you! you should be very proud :) http://t.co/oktukjy92o (via @parachuteguy),2130
2581,569025196230877184,positive,0.6531,,,United,,neilawinston,,0,@united I hope so too :),,2015-02-20 22:45:53 -0800,"Cleveland, OH",Eastern Time (US & Canada),usermarker i hope so too,@united i hope so too :),813
2647,568972136322375680,positive,0.6749,,,United,,DManonog,,0,@united thank you.,,2015-02-20 19:15:02 -0800,,,usermarker thank you,@united thank you.,281
2722,568933083472220160,positive,1.0,,,United,,ferriertv,,0,@united Thank You,,2015-02-20 16:39:52 -0800,Denver,Mountain Time (US & Canada),usermarker thank you,@united thank you,281
2859,568859726315827200,positive,1.0,,,United,,AndyA3,,0,@united thanks,,2015-02-20 11:48:22 -0800,San Francisco,Pacific Time (US & Canada),usermarker thanks,@united thanks,14
2890,568845724110213120,positive,1.0,,,United,,rockstarbrands,,0,@united Thanks!,,2015-02-20 10:52:43 -0800,YHZ,Atlantic Time (Canada),usermarker thanks,@united thanks!,14
2985,568807231396802560,neutral,1.0,,,United,,jbone3353,,0,@united done,,2015-02-20 08:19:46 -0800,,Pacific Time (US & Canada),usermarker done,@united done,988
3040,568782405965713408,neutral,0.355,,0.0,United,,KristinMcNeil,,0,@united Will do! Thanks!,,2015-02-20 06:41:07 -0800,"Minnesota, USA",Central Time (US & Canada),usermarker will do thanks,@united will do! thanks!,3040
3333,568519880711872512,positive,1.0,,,United,,abigailedge,,0,@united Thank you.,,2015-02-19 13:17:56 -0800,"Brighton, UK",London,usermarker thank you,@united thank you.,281
3394,568468732441276416,neutral,1.0,,,United,,danteusa1,,0,"@united I have 2d and 3d embossed badges and patches superior to the ones you are currently using. 
http://t.co/3fq3XElbOn",,2015-02-19 09:54:42 -0800,,,usermarker i have 2d and 3d embossed badges and patches superior to the ones you are currently using urlmarker,@united i have 2d and 3d embossed badges and patches superior to the ones you are currently using. http://t.co/3fq3xelbon,366
3494,568379326678368256,positive,1.0,,,United,,lalo_haros,,0,@united Thank you!! 😊,,2015-02-19 03:59:26 -0800,Monterrey ,Mountain Time (US & Canada),usermarker thank you,@united thank you!! 😊,281
3502,568363838158065664,neutral,0.698,,0.0,United,,katie_sul1,,0,@united refund?,,2015-02-19 02:57:53 -0800,,Eastern Time (US & Canada),usermarker refund,@united refund?,3502
3565,568264441906618368,neutral,0.7168,,,United,,vasm21,,0,@united thanks,,2015-02-18 20:22:55 -0800,Panamá,,usermarker thanks,@united thanks,14
3604,568238227791822850,positive,1.0,,,United,,froyomama,,0,@united thanks,,2015-02-18 18:38:45 -0800,,Central Time (US & Canada),usermarker thanks,@united thanks,14
3752,568152968257613824,positive,0.6771,,,United,,kennykhlee,,0,@united thank you!,,2015-02-18 12:59:58 -0800,San Francisco,Pacific Time (US & Canada),usermarker thank you,@united thank you!,281
4091,567826439392927744,positive,1.0,,,United,,chi_citygrl,,0,@united thanks! :),,2015-02-17 15:22:27 -0800,,Central Time (US & Canada),usermarker thanks,@united thanks! :),14
4113,567818055771918336,positive,0.6661,,,United,,VisionRoij,,0,@united Thanks!,,2015-02-17 14:49:08 -0800,The Netherlands,Amsterdam,usermarker thanks,@united thanks!,14
4184,567790926857531393,positive,1.0,,,United,,Jamie_Fisher886,,0,@united thank you! 😊,,2015-02-17 13:01:20 -0800,Glasgow,London,usermarker thank you,@united thank you! 😊,281
4371,570284111425892353,positive,1.0,,,Southwest,,RebeccaKling,,0,@SouthwestAir Thanks so much!,,2015-02-24 10:08:22 -0800,Chicago,Central Time (US & Canada),usermarker thanks so much,@southwestair thanks so much!,231
4382,570279442750291969,positive,1.0,,,Southwest,,sundialtours,,0,"@SouthwestAir ""Airport snow removal method #22..""
Keep up the good work folks, this is where Cessna's become 747's! http://t.co/7poFSXOjSY",,2015-02-24 09:49:49 -0800,"Astoria, OR",Tijuana,usermarker airport snow removal method 22 keep up the good work folks this is where cessna s become 747 s urlmarker,"@southwestair ""airport snow removal method #22.."" keep up the good work folks, this is where cessna's become 747's! http://t.co/7pofsxojsy",558
4402,570270818539839488,neutral,1.0,,,Southwest,,JBadnastythug,,0,@SouthwestAir done,,2015-02-24 09:15:32 -0800,"Duluth, MN",Eastern Time (US & Canada),usermarker done,@southwestair done,988
4447,570250554670125056,neutral,0.6765,,,Southwest,,OBruce135,,0,@SouthwestAir Thank you!,,2015-02-24 07:55:01 -0800,,,usermarker thank you,@southwestair thank you!,281
4536,570053736950685696,positive,0.6594,,,Southwest,,Q2wo,,0,@SouthwestAir thanks!,,2015-02-23 18:52:56 -0800,,Pacific Time (US & Canada),usermarker thanks,@southwestair thanks!,14
4567,570011378091753472,positive,0.6842,,,Southwest,,JReneeX0X0,,0,@SouthwestAir thank you :),,2015-02-23 16:04:37 -0800,Around...,Eastern Time (US & Canada),usermarker thank you,@southwestair thank you :),281
4609,569981679806365697,positive,0.6413,,,Southwest,,NikkiDan96,,0,@SouthwestAir thank you!,,2015-02-23 14:06:36 -0800,,,usermarker thank you,@southwestair thank you!,281
4650,569958189862486016,neutral,0.3591,,0.0,Southwest,,bushnelloptics,,0,@SouthwestAir thanks!!,,2015-02-23 12:33:16 -0800,,,usermarker thanks,@southwestair thanks!!,14
4774,569840840861839360,positive,0.6920000000000001,,,Southwest,,BitterEnd2013,,0,@SouthwestAir   Thanks,,2015-02-23 04:46:58 -0800,,,usermarker thanks,@southwestair thanks,14
4834,569689184958595072,positive,1.0,,,Southwest,,UnstoppableMika,,0,@SouthwestAir thank you!!,,2015-02-22 18:44:20 -0800,Pennsylvania,Atlantic Time (Canada),usermarker thank you,@southwestair thank you!!,281
4863,569675004482351104,positive,0.6667,,,Southwest,,rzif,,0,@SouthwestAir yes please,,2015-02-22 17:47:59 -0800,,Central Time (US & Canada),usermarker yes please,@southwestair yes please,4863
4884,569668853849919488,positive,0.6349,,,Southwest,,hirammrom,,0,@SouthwestAir yes please!,,2015-02-22 17:23:33 -0800,,Central Time (US & Canada),usermarker yes please,@southwestair yes please!,4863
4903,569666778030346240,positive,0.6535,,,Southwest,,ScottSusman,,0,"@SouthwestAir Yes, please.",,2015-02-22 17:15:18 -0800,,Central Time (US & Canada),usermarker yes please,"@southwestair yes, please.",4863
4924,569644456376340480,positive,0.6748,,,Southwest,,AuGres_MI,,0,@SouthwestAir Thanks.,"[42.58417604, -83.1064707]",2015-02-22 15:46:36 -0800,Back in the Mitten,,usermarker thanks,@southwestair thanks.,14
4938,569627946459275264,positive,0.6890000000000001,,,Southwest,,Ekanewilliams,,0,@SouthwestAir thank you!,,2015-02-22 14:41:00 -0800,"Washington, DC",,usermarker thank you,@southwestair thank you!,281
4943,569620438734807042,negative,0.6575,Customer Service Issue,0.3375,Southwest,,kirsten_lana,,0,@SouthwestAir just sent it,,2015-02-22 14:11:10 -0800,"Boston, MA",Eastern Time (US & Canada),usermarker just sent it,@southwestair just sent it,4943
4955,569610806196768768,neutral,1.0,,,Southwest,,G1GARRISON,,0,@SouthwestAir done,,2015-02-22 13:32:53 -0800,,,usermarker done,@southwestair done,988
4961,569604066239762432,positive,0.6604,,,Southwest,,HybridMovementC,,0,@SouthwestAir  Mad love http://t.co/4ojrSDWPkK NYC-,,2015-02-22 13:06:06 -0800,"everywhere, all the time.",,usermarker mad love urlmarker nyc,@southwestair mad love http://t.co/4ojrsdwpkk nyc-,4961
5333,569184833361936387,neutral,0.6843,,0.0,Southwest,,BavarianLin,,0,@SouthwestAir I DM'd you,"[30.26196639, -97.75945775]",2015-02-21 09:20:13 -0800,New Jersey / Munich,Eastern Time (US & Canada),usermarker i dm would you,@southwestair i dm'd you,5333
5520,568926716644745216,positive,1.0,,,Southwest,,fair_island,,0,@SouthwestAir Thank you!,,2015-02-20 16:14:34 -0800,Somewhere in Tennessee,Quito,usermarker thank you,@southwestair thank you!,281
5709,568787046778720256,positive,0.6659,,,Southwest,,LENSconcept,,0,@SouthwestAir sure thing,,2015-02-20 06:59:34 -0800,,Eastern Time (US & Canada),usermarker sure thing,@southwestair sure thing,5709
5865,568538034947297281,positive,1.0,,,Southwest,,PLLMyObsessionn,,0,@SouthwestAir thank you!,,2015-02-19 14:30:05 -0800,We know all so follow -A,,usermarker thank you,@southwestair thank you!,281
5866,568536883199746048,neutral,1.0,,,Southwest,,PLLMyObsessionn,,0,@SouthwestAir yes please,,2015-02-19 14:25:30 -0800,We know all so follow -A,,usermarker yes please,@southwestair yes please,4863
5936,568471761051721728,neutral,0.6452,,0.0,Southwest,,danteusa1,,0,"@SouthwestAir I have 2d and 3d embossed badges and patches superior to the ones you are currently using. 
http://t.co/3fq3XElbOn",,2015-02-19 10:06:44 -0800,,,usermarker i have 2d and 3d embossed badges and patches superior to the ones you are currently using urlmarker,@southwestair i have 2d and 3d embossed badges and patches superior to the ones you are currently using. http://t.co/3fq3xelbon,366
6232,568107058605608960,neutral,0.6821,,,Southwest,,OJ27Canelo,,0,@SouthwestAir Thank you.,,2015-02-18 09:57:32 -0800,,,usermarker thank you,@southwestair thank you.,281
6266,568087131748503553,positive,1.0,,,Southwest,,SuperB0wlTrophY,,0,@SouthwestAir thank you!!!,,2015-02-18 08:38:21 -0800,,,usermarker thank you,@southwestair thank you!!!,281
6311,568059610969604096,positive,0.6573,,,Southwest,,ChrisWinn211,,0,@SouthwestAir Thank you!,,2015-02-18 06:48:59 -0800,"Worcester, MA ",Eastern Time (US & Canada),usermarker thank you,@southwestair thank you!,281
6452,567843646881599489,positive,1.0,,,Southwest,,bobbyjsav,,0,@SouthwestAir thank you :-),,2015-02-17 16:30:50 -0800,,,usermarker thank you,@southwestair thank you :-),281
6595,567764953289875456,neutral,0.6689,,,Southwest,,fleur_de_chic,,0,"@SouthwestAir just did, thank you",,2015-02-17 11:18:08 -0800,212 by way of the 504.,,usermarker just did thank you,"@southwestair just did, thank you",1968
6708,567725232203390977,positive,0.703,,0.0,Southwest,,tonyapoe,,0,@SouthwestAir  Thank you.,,2015-02-17 08:40:17 -0800,,Mountain Time (US & Canada),usermarker thank you,@southwestair thank you.,281
6814,570237440616570880,neutral,1.0,,,Delta,,_blktray,,0,“@JetBlue: Our fleet's on fleek. http://t.co/clu5pdPrHP” :(,,2015-02-24 07:02:54 -0800,COMPTON/AZ,,usermarker our fleet s on fleek urlmarker,“@jetblue: our fleet's on fleek. http://t.co/clu5pdprhp” :(,6814
6861,570093964059156481,neutral,1.0,,,Delta,,BigDdaBasedLord,,0,RT @JetBlue: Our fleet's on fleek. http://t.co/WEZUMDimYF,,2015-02-23 21:32:47 -0800,ClayCo ATL,Central Time (US & Canada),rt usermarker our fleet s on fleek urlmarker,rt @jetblue: our fleet's on fleek. http://t.co/wezumdimyf,6861
6862,570088573598355456,positive,1.0,,,Delta,,don_bangs,,0,@JetBlue thanks so much!,,2015-02-23 21:11:22 -0800,,,usermarker thanks so much,@jetblue thanks so much!,231
6924,570016312610709504,neutral,0.7087,,,Delta,,2emmyz,,0,“@JetBlue: Our fleet's on fleek. http://t.co/M2wSg2olgo” -_-,,2015-02-23 16:24:13 -0800,,Eastern Time (US & Canada),usermarker our fleet s on fleek urlmarker,“@jetblue: our fleet's on fleek. http://t.co/m2wsg2olgo” -_-,6814
6929,570011200613806082,neutral,1.0,,,Delta,,mmhmmgirl,,0,👉🚪RT @JetBlue: Our fleet's on fleek. http://t.co/dSDEbodmEL,,2015-02-23 16:03:55 -0800,650/415/510,,rt usermarker our fleet s on fleek urlmarker,👉🚪rt @jetblue: our fleet's on fleek. http://t.co/dsdebodmel,6861
6949,569996914546094080,neutral,1.0,,,Delta,,DarrelTranscode,,0,“@JetBlue: Our fleet's on fleek. http://t.co/TnKIXXrxHB” 😂😂,,2015-02-23 15:07:09 -0800,,Amsterdam,usermarker our fleet s on fleek urlmarker,“@jetblue: our fleet's on fleek. http://t.co/tnkixxrxhb” 😂😂,6814
6964,569984229393637377,neutral,1.0,,,Delta,,marteeeny12,,0,“@JetBlue: Our fleet's on fleek. http://t.co/5KshTUe6Q0” 😂,,2015-02-23 14:16:44 -0800,V I R G I N I A ! ! ! *804*,Eastern Time (US & Canada),usermarker our fleet s on fleek urlmarker,“@jetblue: our fleet's on fleek. http://t.co/5kshtue6q0” 😂,6814
6972,569977517945126912,neutral,0.6909,,,Delta,,BritishAirNews,,0,@JetBlue's CEO battles to appease passengers and Wall Street - Waterbury Republican American http://t.co/fW3cy8HGdJ,,2015-02-23 13:50:04 -0800,UK,Sydney,usermarker s ceo battles to appease passengers and wall street waterbury republican american urlmarker,@jetblue's ceo battles to appease passengers and wall street - waterbury republican american http://t.co/fw3cy8hgdj,6972
6986,569963701987450880,neutral,0.6915,,0.0,Delta,,jerome_marie,,0,😂😂😂 “@JetBlue: Our fleet's on fleek. http://t.co/BBaONx9txD”,,2015-02-23 12:55:10 -0800,at Lil Kim's House ,Central Time (US & Canada),usermarker our fleet s on fleek urlmarker,😂😂😂 “@jetblue: our fleet's on fleek. http://t.co/bbaonx9txd”,6814
6996,569960833884803072,neutral,0.6771,,0.0,Delta,,NaijaMane,,0,............. RT @JetBlue: Our fleet's on fleek. http://t.co/X7iLzqdwe2,,2015-02-23 12:43:46 -0800,Flexin in Zamunda,Central Time (US & Canada),rt usermarker our fleet s on fleek urlmarker,............. rt @jetblue: our fleet's on fleek. http://t.co/x7ilzqdwe2,6861
6998,569960497312768000,neutral,0.6744,,,Delta,,Bergyonce,,0,“@JetBlue: Our fleet's on fleek. http://t.co/FVYzjLDTON” 🚶🚶🚶🚶,,2015-02-23 12:42:26 -0800,"Melbourne, Aus",Melbourne,usermarker our fleet s on fleek urlmarker,“@jetblue: our fleet's on fleek. http://t.co/fvyzjldton” 🚶🚶🚶🚶,6814
7018,569953507874373632,neutral,0.6632,,,Delta,,princesslynessa,,0,“@JetBlue: Our fleet's on fleek. http://t.co/cRFrwpc1Sx”😂😂😂,,2015-02-23 12:14:40 -0800,,,usermarker our fleet s on fleek urlmarker,“@jetblue: our fleet's on fleek. http://t.co/crfrwpc1sx”😂😂😂,6814
7023,569952340612149250,neutral,1.0,,,Delta,,brittneythebee,,0,😂😂 RT @JetBlue: Our fleet's on fleek. http://t.co/rinzYSK6kI,,2015-02-23 12:10:01 -0800,Courtside or the 50yd Line,Quito,rt usermarker our fleet s on fleek urlmarker,😂😂 rt @jetblue: our fleet's on fleek. http://t.co/rinzysk6ki,6861
7068,569941314713726976,neutral,0.6525,,,Delta,,Youdownwith_LNV,,0,😩😩😩 “@JetBlue: Our fleet's on fleek. http://t.co/46am1BSi2G”,,2015-02-23 11:26:13 -0800,Philly,Eastern Time (US & Canada),usermarker our fleet s on fleek urlmarker,😩😩😩 “@jetblue: our fleet's on fleek. http://t.co/46am1bsi2g”,6814
7075,569939924964630528,neutral,1.0,,,Delta,,SuziCharmichael,,0,“@JetBlue: Our fleet's on fleek. http://t.co/jm4GeyXbY5”LOL,,2015-02-23 11:20:41 -0800,,Eastern Time (US & Canada),usermarker our fleet s on fleek urlmarker,“@jetblue: our fleet's on fleek. http://t.co/jm4geyxby5”lol,6814
7081,569939281084583937,negative,0.3598,Can't Tell,0.3598,Delta,,khanman96,,0,“@JetBlue: Our fleet's on fleek. http://t.co/vw2v8GVnGq” 😐😑,,2015-02-23 11:18:08 -0800,The Friendzone,,usermarker our fleet s on fleek urlmarker,“@jetblue: our fleet's on fleek. http://t.co/vw2v8gvngq” 😐😑,6814
7083,569939057247023104,neutral,0.6667,,0.0,Delta,,Russ_FTW,,1,😕 RT @JetBlue: Our fleet's on fleek. http://t.co/4KH92mKoTZ,,2015-02-23 11:17:14 -0800,"kingston, jamaica ",Central Time (US & Canada),rt usermarker our fleet s on fleek urlmarker,😕 rt @jetblue: our fleet's on fleek. http://t.co/4kh92mkotz,6861
7088,569938767860994048,neutral,0.6591,,0.0,Delta,,miss_smiley10,,0,"😒 ""@JetBlue: Our fleet's on fleek. http://t.co/K66SRFnw77”",,2015-02-23 11:16:05 -0800,Washington D.C. / Chicago,Eastern Time (US & Canada),usermarker our fleet s on fleek urlmarker,"😒 ""@jetblue: our fleet's on fleek. http://t.co/k66srfnw77”",6814
7089,569938559836299264,neutral,1.0,,,Delta,,RBS2,,0,“@JetBlue: Our fleet's on fleek. http://t.co/XASPqDsqhE”,,2015-02-23 11:15:16 -0800,"ÜT: 33.464681,-84.173362",Eastern Time (US & Canada),usermarker our fleet s on fleek urlmarker,“@jetblue: our fleet's on fleek. http://t.co/xaspqdsqhe”,6814
7096,569937862109450240,neutral,1.0,,,Delta,,Mz_Undrst00d,,0,“@JetBlue: Our fleet's on fleek. http://t.co/CXTTxV2lMP” 😒,,2015-02-23 11:12:29 -0800,Buck Guy City,Eastern Time (US & Canada),usermarker our fleet s on fleek urlmarker,“@jetblue: our fleet's on fleek. http://t.co/cxttxv2lmp” 😒,6814
7104,569936658876862464,negative,0.7118,Can't Tell,0.7118,Delta,,Deveous,,0,RT @JetBlue: Our fleet's on fleek. http://t.co/NfjAuW16vZ&lt;--....😕,,2015-02-23 11:07:43 -0800,~FlighT SchooL~ ,Pacific Time (US & Canada),rt usermarker our fleet s on fleek urlmarker,rt @jetblue: our fleet's on fleek. http://t.co/nfjauw16vz<--....😕,6861
7109,569935951868207104,neutral,1.0,,,Delta,,uKnowMySteez,,1,😐 “@JetBlue: Our fleet's on fleek. http://t.co/QavvlAXLkl”,,2015-02-23 11:04:54 -0800,MPLS,Central Time (US & Canada),usermarker our fleet s on fleek urlmarker,😐 “@jetblue: our fleet's on fleek. http://t.co/qavvlaxlkl”,6814
7117,569931469990154242,neutral,0.6338,,,Delta,,BizTravelerNA,,0,❤️❤️❤️“@JetBlue: Our fleet's on fleek. http://t.co/UHUmAskLdv”,,2015-02-23 10:47:05 -0800,,Eastern Time (US & Canada),usermarker our fleet s on fleek urlmarker,❤️❤️❤️“@jetblue: our fleet's on fleek. http://t.co/uhumaskldv”,6814
7118,569930522677399553,neutral,0.6532,,,Delta,,A_Geechi,,0,RT @JetBlue: Our fleet's on fleek. http://t.co/826Pkiq5HI,,2015-02-23 10:43:20 -0800,Binghamton University ,Eastern Time (US & Canada),rt usermarker our fleet s on fleek urlmarker,rt @jetblue: our fleet's on fleek. http://t.co/826pkiq5hi,6861
7122,569929414491779072,negative,0.3435,Can't Tell,0.3435,Delta,,NellyyMichelle,,0,:( RT @JetBlue: Our fleet's on fleek. http://t.co/ncguZDgDaQ,,2015-02-23 10:38:55 -0800,Where there is love..,Pacific Time (US & Canada),rt usermarker our fleet s on fleek urlmarker,:( rt @jetblue: our fleet's on fleek. http://t.co/ncguzdgdaq,6861
7138,569926674353160192,neutral,0.6742,,,Delta,,Malavayy,,0,“@JetBlue: Our fleet's on fleek. http://t.co/H11jglw74L”ayyy 😎,,2015-02-23 10:28:02 -0800,,,usermarker our fleet s on fleek urlmarker,“@jetblue: our fleet's on fleek. http://t.co/h11jglw74l”ayyy 😎,6814
7155,569924676715220992,neutral,0.6657,,,Delta,,DrewLitavis,,1,💯💯💯 RT @JetBlue: Our fleet's on fleek. http://t.co/SrM13qbRZD,,2015-02-23 10:20:06 -0800,"New York, NY",Eastern Time (US & Canada),rt usermarker our fleet s on fleek urlmarker,💯💯💯 rt @jetblue: our fleet's on fleek. http://t.co/srm13qbrzd,6861
7158,569924385387241474,neutral,0.6848,,0.0,Delta,,Swoosh163,,0,😩😩😩“@JetBlue: Our fleet's on fleek. http://t.co/BBHTlZgH2C”,,2015-02-23 10:18:56 -0800,,Quito,usermarker our fleet s on fleek urlmarker,😩😩😩“@jetblue: our fleet's on fleek. http://t.co/bbhtlzgh2c”,6814
7167,569923761232850944,neutral,1.0,,,Delta,,LeroyFunkdafied,,0,@JetBlue ...really?,,2015-02-23 10:16:28 -0800,"Bangor, Maine, USA",Eastern Time (US & Canada),usermarker really,@jetblue ...really?,7167
7169,569923525508665344,neutral,0.664,,,Delta,,SexcCia,,0,😩😂😂😂😂 “@JetBlue: Our fleet's on fleek. http://t.co/yco9dikpt9”,,2015-02-23 10:15:31 -0800,STX ✈️ MIA ,Quito,usermarker our fleet s on fleek urlmarker,😩😂😂😂😂 “@jetblue: our fleet's on fleek. http://t.co/yco9dikpt9”,6814
7175,569920656621465601,neutral,1.0,,,Delta,,BritishAirNews,,0,@JetBlue's CEO battles to appease passengers and Wall Street - Waterbury Republican American http://t.co/IMVMpnQXAI,,2015-02-23 10:04:07 -0800,UK,Sydney,usermarker s ceo battles to appease passengers and wall street waterbury republican american urlmarker,@jetblue's ceo battles to appease passengers and wall street - waterbury republican american http://t.co/imvmpnqxai,6972
7191,569900367254831104,neutral,0.6486,,,Delta,,stim8rinme,,0,@JetBlue Thanks.,,2015-02-23 08:43:30 -0800,"Auburn, ME",,usermarker thanks,@jetblue thanks.,14
7214,569883383930621952,positive,0.6771,,,Delta,,joespurr,,0,@jetblue thanks,,2015-02-23 07:36:01 -0800,"Cambridge, MA",Eastern Time (US & Canada),usermarker thanks,@jetblue thanks,14
7219,569877622869663744,positive,1.0,,,Delta,,hallekuszmar,,0,@JetBlue thank you!!,,2015-02-23 07:13:07 -0800,,,usermarker thank you,@jetblue thank you!!,281
7293,569685096527056896,positive,1.0,,,Delta,,mariambueno,,0,@JetBlue thank you!,,2015-02-22 18:28:05 -0800,,Quito,usermarker thank you,@jetblue thank you!,281
7623,569498511609356288,neutral,0.6703,,,Delta,,OverTheEdge55,,0,@JetBlue  will do.,,2015-02-22 06:06:40 -0800,,,usermarker will do,@jetblue will do.,7623
7684,569346428839063552,positive,1.0,,,Delta,,karaackerman,,0,@JetBlue thank you,,2015-02-21 20:02:21 -0800,New York City,Quito,usermarker thank you,@jetblue thank you,281
7731,569300522705883136,positive,0.6747,,,Delta,,spaceracedjs,,0,@JetBlue thank you!,,2015-02-21 16:59:56 -0800,Brooklyn,Eastern Time (US & Canada),usermarker thank you,@jetblue thank you!,281
7761,569271364521103361,neutral,1.0,,,Delta,,USairNews,,0,@JetBlue's CEO battles to appease passengers and Wall Street - Waterbury Republican American http://t.co/Xf9MPnAaJE,,2015-02-21 15:04:04 -0800,USA,Sydney,usermarker s ceo battles to appease passengers and wall street waterbury republican american urlmarker,@jetblue's ceo battles to appease passengers and wall street - waterbury republican american http://t.co/xf9mpnaaje,6972
7881,569118085245898752,positive,0.6931,,,Delta,,PilardelMaria,,0,@JetBlue Thanks!,,2015-02-21 04:54:59 -0800,#theBronx ,Central Time (US & Canada),usermarker thanks,@jetblue thanks!,14
7884,569113328724807680,neutral,1.0,,,Delta,,JetBlueNews,,0,@JetBlue's CEO battles to appease passengers and Wall Street - Waterbury Republican American http://t.co/FFc13zYGJS,,2015-02-21 04:36:05 -0800,USA,Sydney,usermarker s ceo battles to appease passengers and wall street waterbury republican american urlmarker,@jetblue's ceo battles to appease passengers and wall street - waterbury republican american http://t.co/ffc13zygjs,6972
7914,568984446487166976,positive,1.0,,,Delta,,FerrisSalameh,,0,@JetBlue thank you,"[40.7171667, -73.96415608]",2015-02-20 20:03:57 -0800,"Brooklyn, NY",Eastern Time (US & Canada),usermarker thank you,@jetblue thank you,281
7920,568976617453658113,positive,0.7047,,,Delta,,airtraffic01,,0,@JetBlue thanks!,,2015-02-20 19:32:51 -0800,Bushwood,,usermarker thanks,@jetblue thanks!,14
7932,568964945259466752,positive,0.6596,,,Delta,,farms122,,0,@JetBlue thanks!!,,2015-02-20 18:46:28 -0800,,Eastern Time (US & Canada),usermarker thanks,@jetblue thanks!!,14
7965,568921315069042688,positive,0.6669,,,Delta,,Laneit360,,0,@JetBlue thanks...,,2015-02-20 15:53:06 -0800,Here & There,Eastern Time (US & Canada),usermarker thanks,@jetblue thanks...,14
7978,568910753652199424,positive,1.0,,,Delta,,Rowe0neTen,,0,@JetBlue thanks!,,2015-02-20 15:11:08 -0800,South jamaica.. Queens,Pacific Time (US & Canada),usermarker thanks,@jetblue thanks!,14
7982,568906811308257280,neutral,0.6492,,,Delta,,pseudomachine,,0,@JetBlue Thank you.,,2015-02-20 14:55:28 -0800,New York City,Eastern Time (US & Canada),usermarker thank you,@jetblue thank you.,281
8013,568875992128729088,neutral,0.6382,,,Delta,,RogerSaintange,,0,@JetBlue @hanneslohmann cool,,2015-02-20 12:53:00 -0800,,Pacific Time (US & Canada),usermarker usermarker cool,@jetblue @hanneslohmann cool,8013
8054,568833490818453504,negative,0.6585,Can't Tell,0.6585,Delta,,BritishAirNews,,0,@JetBlue's CEO battles to appease passengers and Wall Street - Waterbury Republican American http://t.co/Ur60Un86gy,,2015-02-20 10:04:07 -0800,UK,Sydney,usermarker s ceo battles to appease passengers and wall street waterbury republican american urlmarker,@jetblue's ceo battles to appease passengers and wall street - waterbury republican american http://t.co/ur60un86gy,6972
8074,568809330151022592,neutral,1.0,,,Delta,,BritishAirNews,,0,@JetBlue's CEO battles to appease passengers and Wall Street - Waterbury Republican American http://t.co/D1eRGPdWsJ,,2015-02-20 08:28:06 -0800,UK,Sydney,usermarker s ceo battles to appease passengers and wall street waterbury republican american urlmarker,@jetblue's ceo battles to appease passengers and wall street - waterbury republican american http://t.co/d1ergpdwsj,6972
8109,568781140217049088,neutral,1.0,,,Delta,,JetBlueNews,,0,@JetBlue's CEO battles to appease passengers and Wall Street - Waterbury Republican American http://t.co/Of7PFvQpOY,,2015-02-20 06:36:05 -0800,USA,Sydney,usermarker s ceo battles to appease passengers and wall street waterbury republican american urlmarker,@jetblue's ceo battles to appease passengers and wall street - waterbury republican american http://t.co/of7pfvqpoy,6972
8123,568762267493249024,neutral,1.0,,,Delta,,BritishAirNews,,0,@JetBlue's CEO battles to appease passengers and Wall Street - @TheVDT http://t.co/VD0tLomtwu,,2015-02-20 05:21:06 -0800,UK,Sydney,usermarker s ceo battles to appease passengers and wall street usermarker urlmarker,@jetblue's ceo battles to appease passengers and wall street - @thevdt http://t.co/vd0tlomtwu,8123
8216,568601554275721216,positive,1.0,,,Delta,,stair_teneisha,,0,@JetBlue @NinaDavuluri 😃cool,,2015-02-19 18:42:29 -0800,"Manchester,CT",,usermarker usermarker cool,@jetblue @ninadavuluri 😃cool,8013
8299,568509669758660608,neutral,1.0,,,Delta,,HAbbott4,,0,@JetBlue Just sent it,,2015-02-19 12:37:22 -0800,NY,Eastern Time (US & Canada),usermarker just sent it,@jetblue just sent it,4943
8307,568501539167473664,neutral,1.0,,,Delta,,JetBlueNews,,0,@JetBlue's CEO battles to appease passengers and Wall Street - Waterbury Republican American http://t.co/5fmipW9dhi,,2015-02-19 12:05:03 -0800,USA,Sydney,usermarker s ceo battles to appease passengers and wall street waterbury republican american urlmarker,@jetblue's ceo battles to appease passengers and wall street - waterbury republican american http://t.co/5fmipw9dhi,6972
8317,568490190194515970,positive,0.6737,,,Delta,,Lane_,,0,@JetBlue thanks,,2015-02-19 11:19:58 -0800,South Florida,Eastern Time (US & Canada),usermarker thanks,@jetblue thanks,14
8349,568448110256640000,positive,1.0,,,Delta,,smsuconn,,0,@JetBlue thank you!,,2015-02-19 08:32:45 -0800,"Alexandria, VA",Eastern Time (US & Canada),usermarker thank you,@jetblue thank you!,281
8403,568423278555086848,positive,1.0,,,Delta,,DMakesCakes,,0,@JetBlue thank you!!,,2015-02-19 06:54:05 -0800,"Queens, NY",,usermarker thank you,@jetblue thank you!!,281
8425,568385676737167360,positive,1.0,,,Delta,,alikim22,,0,@JetBlue Thanks!,,2015-02-19 04:24:40 -0800,,Eastern Time (US & Canada),usermarker thanks,@jetblue thanks!,14
8431,568365652597014528,negative,0.3573,Can't Tell,0.3573,Delta,,JetBlueNews,,0,@JetBlue's CEO battles to appease passengers and Wall Street - @TheVDT http://t.co/h6cE3mWCqj,,2015-02-19 03:05:05 -0800,USA,Sydney,usermarker s ceo battles to appease passengers and wall street usermarker urlmarker,@jetblue's ceo battles to appease passengers and wall street - @thevdt http://t.co/h6ce3mwcqj,8123
8474,568218462281183232,neutral,0.6667,,,Delta,,Bill_Faulk,,0,@JetBlue sure thing!,,2015-02-18 17:20:13 -0800,#ManorvilleInExile,Eastern Time (US & Canada),usermarker sure thing,@jetblue sure thing!,5709
8596,568131853929947136,neutral,1.0,,,Delta,,JetBlueNews,,0,@JetBlue's CEO battles to appease passengers and Wall Street - Waterbury Republican American http://t.co/5t4FpCGREJ,,2015-02-18 11:36:04 -0800,USA,Sydney,usermarker s ceo battles to appease passengers and wall street waterbury republican american urlmarker,@jetblue's ceo battles to appease passengers and wall street - waterbury republican american http://t.co/5t4fpcgrej,6972
8607,568122440934658048,positive,1.0,,,Delta,,khealy8834,,0,@JetBlue thank you :-),,2015-02-18 10:58:39 -0800,"Miami, FL",Atlantic Time (Canada),usermarker thank you,@jetblue thank you :-),281
8608,568118442454355968,positive,1.0,,,Delta,,MaxwellAMooney,,0,@JetBlue thanks!,,2015-02-18 10:42:46 -0800,"Mill Creek, WA",Pacific Time (US & Canada),usermarker thanks,@jetblue thanks!,14
8622,568102992110465025,positive,0.6584,,,Delta,,joshto,,0,@JetBlue Will do. Thanks!,,2015-02-18 09:41:22 -0800,San Francisco,Pacific Time (US & Canada),usermarker will do thanks,@jetblue will do. thanks!,3040
8655,568074993856335872,positive,0.6809999999999999,,,Delta,,phil0616,,0,@JetBlue thanks,,2015-02-18 07:50:07 -0800,"Florida, USA",,usermarker thanks,@jetblue thanks,14
8700,567965767808864256,neutral,1.0,,,Delta,,JetBlueNews,,0,@JetBlue's CEO Battles to Appease Passengers and Wall Street - http://t.co/E5NaxBUe4s http://t.co/E1Mex0t6Q5,,2015-02-18 00:36:05 -0800,USA,Sydney,usermarker s ceo battles to appease passengers and wall street urlmarker urlmarker,@jetblue's ceo battles to appease passengers and wall street - http://t.co/e5naxbue4s http://t.co/e1mex0t6q5,8700
8824,567814769077436416,positive,0.6591,,,Delta,,JetBlueNews,,0,@JetBlue's CEO battles to appease passengers and Wall Street - http://t.co/uy28D1UEgX http://t.co/vJFV7KSGcQ,,2015-02-17 14:36:05 -0800,USA,Sydney,usermarker s ceo battles to appease passengers and wall street urlmarker urlmarker,@jetblue's ceo battles to appease passengers and wall street - http://t.co/uy28d1uegx http://t.co/vjfv7ksgcq,8700
8845,567803467282046976,positive,0.6625,,,Delta,,thereal_SNL,,0,@JetBlue thanks!,,2015-02-17 13:51:10 -0800,District of Columbia,Eastern Time (US & Canada),usermarker thanks,@jetblue thanks!,14
8857,567796029056385024,positive,0.6667,,,Delta,,janj757,,0,@JetBlue thanks!,,2015-02-17 13:21:37 -0800,North Carolina,Eastern Time (US & Canada),usermarker thanks,@jetblue thanks!,14
8917,567750136223518720,positive,1.0,,,Delta,,amyfame,,0,@JetBlue Thank you!,,2015-02-17 10:19:15 -0800,,Eastern Time (US & Canada),usermarker thank you,@jetblue thank you!,281
8931,567737267095994368,neutral,0.685,,,Delta,,BritishAirNews,,0,@JetBlue's CEO Battles to Appease Passengers and Wall Street - http://t.co/frrfxCCw7Z http://t.co/nKlW9SsVRQ,,2015-02-17 09:28:07 -0800,UK,Sydney,usermarker s ceo battles to appease passengers and wall street urlmarker urlmarker,@jetblue's ceo battles to appease passengers and wall street - http://t.co/frrfxccw7z http://t.co/nklw9ssvrq,8700
8950,567727329783582720,positive,1.0,,,Delta,,JessonaJourney,,0,@JetBlue Thank you!,,2015-02-17 08:48:37 -0800,New York,Eastern Time (US & Canada),usermarker thank you,@jetblue thank you!,281
9003,570290421336813568,positive,1.0,,,US Airways,,KenzieC_,,0,@USAirways thank you!!,,2015-02-24 10:33:26 -0800,"Boynton Beach, FL",Eastern Time (US & Canada),usermarker thank you,@usairways thank you!!,281
9025,570279050276704257,neutral,0.6354,,,US Airways,,sundialtours,,0,"@USAirways ""Airport snow removal method #22...""
Keep up the good work folks, this is where Cessna's become 747's! http://t.co/0JJT4X3YxG",,2015-02-24 09:48:15 -0800,"Astoria, OR",Tijuana,usermarker airport snow removal method 22 keep up the good work folks this is where cessna s become 747 s urlmarker,"@usairways ""airport snow removal method #22..."" keep up the good work folks, this is where cessna's become 747's! http://t.co/0jjt4x3yxg",558
9044,570271713512046592,positive,0.6549,,,US Airways,,JenRomanoff,,0,@USAirways thanks !!!,,2015-02-24 09:19:06 -0800,,Eastern Time (US & Canada),usermarker thanks,@usairways thanks !!!,14
9205,570068659193950208,neutral,1.0,,,US Airways,,EverettWJones,,0,@USAirways thank you.,,2015-02-23 19:52:14 -0800,,Quito,usermarker thank you,@usairways thank you.,281
9327,569984178764308480,positive,0.6814,,,US Airways,,Danye33,,0,@USAirways ok thanks,,2015-02-23 14:16:32 -0800,,Eastern Time (US & Canada),usermarker ok thanks,@usairways ok thanks,9327
9578,569869163029762048,positive,1.0,,,US Airways,,jcsolomons,,0,@USAirways Thank you.,,2015-02-23 06:39:30 -0800,"Boston, MA",Quito,usermarker thank you,@usairways thank you.,281
9588,569861759240171522,positive,1.0,,,US Airways,,jsilver76,,0,@USAirways Thanks!,,2015-02-23 06:10:05 -0800,,Eastern Time (US & Canada),usermarker thanks,@usairways thanks!,14
9946,569604041141039104,neutral,1.0,,,US Airways,,HybridMovementC,,0,@USAirways  Mad love http://t.co/4ojrSDWPkK NYC-,,2015-02-22 13:06:00 -0800,"everywhere, all the time.",,usermarker mad love urlmarker nyc,@usairways mad love http://t.co/4ojrsdwpkk nyc-,4961
10428,569314643627413504,positive,0.7033,,,US Airways,,CURVESandCHAOS,,0,@USAirways thank you!!!,,2015-02-21 17:56:03 -0800,Los Angeles ,Pacific Time (US & Canada),usermarker thank you,@usairways thank you!!!,281
10495,569250438882705410,neutral,0.6947,,,US Airways,,RaulFNYC,,0,@USAirways Ok Thanks,,2015-02-21 13:40:55 -0800,GLOBAL CITIZEN,Atlantic Time (Canada),usermarker ok thanks,@usairways ok thanks,9327
10755,568904804451409920,positive,0.6237,,,US Airways,,MikeSelesky,,0,@USAirways thank you,,2015-02-20 14:47:29 -0800,,,usermarker thank you,@usairways thank you,281
10825,568845145510158336,neutral,0.6697,,,US Airways,,MikeSelesky,,0,@USAirways absolutely,,2015-02-20 10:50:25 -0800,,,usermarker absolutely,@usairways absolutely,10825
10869,568811771315814401,positive,1.0,,,US Airways,,sydlisterney,,0,@USAirways thank you!,,2015-02-20 08:37:48 -0800,babynole'18,Quito,usermarker thank you,@usairways thank you!,281
10879,568807391484997632,positive,1.0,,,US Airways,,rzlevinson,,0,@USAirways Thank you,,2015-02-20 08:20:24 -0800,,,usermarker thank you,@usairways thank you,281
10904,568790685723136001,neutral,1.0,,,US Airways,,rzlevinson,,0,@USAirways Done,,2015-02-20 07:14:01 -0800,,,usermarker done,@usairways done,988
11156,568473401544859648,positive,1.0,,,US Airways,,Suejacken,,0,@USAirways thanks,,2015-02-19 10:13:15 -0800,,Eastern Time (US & Canada),usermarker thanks,@usairways thanks,14
11165,568467880481665025,neutral,0.6545,,0.0,US Airways,,danteusa1,,0,"@USAirways I have 2d and 3d embossed badges and patches superior to the ones you are currently using. 
http://t.co/3fq3XElbOn",,2015-02-19 09:51:18 -0800,,,usermarker i have 2d and 3d embossed badges and patches superior to the ones you are currently using urlmarker,@usairways i have 2d and 3d embossed badges and patches superior to the ones you are currently using. http://t.co/3fq3xelbon,366
11194,568444017106690048,positive,1.0,,,US Airways,,cahillwilliamr,,0,@USAirways thank you,,2015-02-19 08:16:29 -0800,,,usermarker thank you,@usairways thank you,281
11257,568273310347165696,positive,0.6802,,,US Airways,,CaraModisett,,0,@USAirways Will do :),,2015-02-18 20:58:09 -0800,"Memphis, Tennessee",Central Time (US & Canada),usermarker will do,@usairways will do :),7623
11261,568259618884993024,positive,1.0,,,US Airways,,schenkeytown,,0,@USAirways - done :),,2015-02-18 20:03:45 -0800,,Arizona,usermarker done,@usairways - done :),988
11282,568244508837736449,neutral,1.0,,,US Airways,,KBStrauss,,0,@USAirways really!??,,2015-02-18 19:03:43 -0800,New York City,Eastern Time (US & Canada),usermarker really,@usairways really!??,7167
11382,568157856576475136,positive,1.0,,,US Airways,,hotcakes_33,,0,@USAirways thanks.,,2015-02-18 13:19:23 -0800,"Charlotte, NC",Eastern Time (US & Canada),usermarker thanks,@usairways thanks.,14
11426,568124226135130112,positive,0.6556,,,US Airways,,AndrwM,,0,.@USAirways thanks!,,2015-02-18 11:05:45 -0800,"Greenville, SC",Eastern Time (US & Canada),usermarker thanks,.@usairways thanks!,14
11494,568072770103308288,positive,0.6554,,,US Airways,,Shrubbette,,0,@USAirways thanks :),,2015-02-18 07:41:17 -0800,"Melbourne, Australia",Adelaide,usermarker thanks,@usairways thanks :),14
11505,568063386321158145,positive,0.6445,,,US Airways,,RoryPhilbin1,,0,@USAirways thanks so much!,,2015-02-18 07:04:00 -0800,NYC/London ,,usermarker thanks so much,@usairways thanks so much!,231
11576,567919531068391425,neutral,0.6737,,,US Airways,,sethdpowers,,0,@USAirways thank you,,2015-02-17 21:32:22 -0800,,,usermarker thank you,@usairways thank you,281
11604,567889710129029121,positive,1.0,,,US Airways,,husainhaqqani,,0,@USAirways Thank you!,,2015-02-17 19:33:52 -0800,"Washington, DC",Eastern Time (US & Canada),usermarker thank you,@usairways thank you!,281
11676,567829906861793280,positive,0.66,,,US Airways,,AminESPN,,0,@USAirways thanks,,2015-02-17 15:36:14 -0800,SportsCenter,Arizona,usermarker thanks,@usairways thanks,14
11711,567802781877407744,positive,1.0,,,US Airways,,bradlerner,,0,@USAirways thanks!,,2015-02-17 13:48:27 -0800,Virginia Beach,,usermarker thanks,@usairways thanks!,14
11736,567788199175786496,positive,0.6637,,0.0,US Airways,,NaomiSheltonDC,,0,@USAirways thanks. 😒,,2015-02-17 12:50:30 -0800,,Eastern Time (US & Canada),usermarker thanks,@usairways thanks. 😒,14
11771,567768417038761987,neutral,1.0,,,US Airways,,JenniesMagic,,0,@USAirways done,,2015-02-17 11:31:53 -0800,,Eastern Time (US & Canada),usermarker done,@usairways done,988
11845,567729241312489472,positive,0.6939,,,US Airways,,imayfan,,0,@USAirways thanks,,2015-02-17 08:56:13 -0800,,Eastern Time (US & Canada),usermarker thanks,@usairways thanks,14
11886,570307312675651585,positive,0.6604,,,American,,bharris77,,0,"@AmericanAir Believe me, I understand. Flight #2955. Was originally booked for Sunday. Flight was Cancelled Flighted and rescheduled for today.",,2015-02-24 11:40:33 -0800,"Frisco, Texas",Central Time (US & Canada),usermarker believe me i understand flight 2955 was originally booked for sunday flight was cancelled flighted and rescheduled for today,"@americanair believe me, i understand. flight #2955. was originally booked for sunday. flight was cancelled flighted and rescheduled for today.",11886
11895,570305264613765122,positive,1.0,,,American,,jamucsb,,0,@AmericanAir thank you!,,2015-02-24 11:32:25 -0800,"Los Angeles, CA",Pacific Time (US & Canada),usermarker thank you,@americanair thank you!,281
11903,570302358242115584,positive,0.7047,,,American,,JohnMHaaland,,0,@AmericanAir thanks,,2015-02-24 11:20:52 -0800,New York Tri-State,Eastern Time (US & Canada),usermarker thanks,@americanair thanks,14
11909,570300355843661824,positive,0.6712,,,American,,dcathomedad,,0,@AmericanAir I might look into that. My wife travels much more than I do. Could we both use the membership?,,2015-02-24 11:12:55 -0800,DC to STL ,,usermarker i might look into that my wife travels much more than i do could we both use the membership,@americanair i might look into that. my wife travels much more than i do. could we both use the membership?,11909
11910,570300262302289920,neutral,0.6544,,,American,,pokecrastinator,,0,"@AmericanAir Thank you, you too!",,2015-02-24 11:12:32 -0800,United States,Mountain Time (US & Canada),usermarker thank you you too,"@americanair thank you, you too!",11910
11919,570298285350629376,positive,0.7012,,0.0,American,,ThisIsKari,,0,@AmericanAir I don't think you should help him at all based on his behavior. The voucher and cot seem like enough lol 😃,,2015-02-24 11:04:41 -0800,"Dallas, TX",Central Time (US & Canada),usermarker i do not think you should help him at all based on his behavior the voucher and cot seem like enough lol,@americanair i don't think you should help him at all based on his behavior. the voucher and cot seem like enough lol 😃,11919
11927,570296616688750592,negative,0.6725,Flight Booking Problems,0.6725,American,,AesaGaming,,0,@AmericanAir Trying desperately to get my boyfriend booked on the same US Airways flight as myself for the same price. Can you help?,,2015-02-24 10:58:03 -0800,,,usermarker trying desperately to get my boyfriend booked on the same us airways flight as myself for the same price can you help,@americanair trying desperately to get my boyfriend booked on the same us airways flight as myself for the same price. can you help?,11927
11930,570295901555699712,positive,0.6882,,,American,,MeeestarCoke,,0,@AmericanAir thanks!!,,2015-02-24 10:55:13 -0800,BK,,usermarker thanks,@americanair thanks!!,14
11938,570291157340704769,positive,1.0,,,American,,mpresdenver,,0,@AmericanAir thanks so much!,,2015-02-24 10:36:22 -0800,"Denver, Colorado",Mountain Time (US & Canada),usermarker thanks so much,@americanair thanks so much!,231
11939,570290552169734144,positive,0.6752,,0.0,American,,saianel,,0,"@AmericanAir @RobertDwyer AA doesnt charge any fees to change award tickets as long as the origin, destination &amp; award type remains the same",,2015-02-24 10:33:57 -0800,Texas,Mountain Time (US & Canada),usermarker usermarker aa doesnt charge any fees to change award tickets as long as the origin destination award type remains the same,"@americanair @robertdwyer aa doesnt charge any fees to change award tickets as long as the origin, destination & award type remains the same",11939
11954,570284482588246016,neutral,0.6593,,0.0,American,,mmanny,,0,"@AmericanAir Would love to DM you, but my Twitter app says you're not following me and I can't.","[0.0, 0.0]",2015-02-24 10:09:50 -0800,NYC,Eastern Time (US & Canada),usermarker would love to dm you but my twitter app says you are not following me and i can not,"@americanair would love to dm you, but my twitter app says you're not following me and i can't.",11954
11961,570282555057909760,positive,1.0,,,American,,alicizzle,,0,"@AmericanAir continues to win: I've never missed a flight before, but a nice little quiet gate change made it possible. Sheesh.",,2015-02-24 10:02:11 -0800,MiniApple(s),,usermarker continues to win i have never missed a flight before but a nice little quiet gate change made it possible sheesh,"@americanair continues to win: i've never missed a flight before, but a nice little quiet gate change made it possible. sheesh.",11961
11962,570282469791911936,neutral,1.0,,,American,,mrespinosa1971,,0,@AmericanAir - keeping AA up in the Air! My crew chief cousin Alex Espinosa in DFW! http://t.co/0HXLNvZknP,,2015-02-24 10:01:50 -0800,Great State of Texas,Central Time (US & Canada),usermarker keeping aa up in the air my crew chief cousin alex espinosa in dfw urlmarker,@americanair - keeping aa up in the air! my crew chief cousin alex espinosa in dfw! http://t.co/0hxlnvzknp,11962
11969,570280641771790336,neutral,1.0,,,American,,LordLasenby,,0,@AmericanAir @Clarkey_19 we done it with 1 truck... No biggie 😄,,2015-02-24 09:54:34 -0800,,London,usermarker usermarker we done it with 1 truck no biggie,@americanair @clarkey_19 we done it with 1 truck... no biggie 😄,11969
11973,570279653337927680,positive,1.0,,,American,,sundialtours,,0,"@AmericanAir ""Airport snow removal method #22...""
Keep up the good work folks, this is where Cessna's become 747's! http://t.co/oUmC1LrXDN",,2015-02-24 09:50:39 -0800,"Astoria, OR",Tijuana,usermarker airport snow removal method 22 keep up the good work folks this is where cessna s become 747 s urlmarker,"@americanair ""airport snow removal method #22..."" keep up the good work folks, this is where cessna's become 747's! http://t.co/oumc1lrxdn",558
11987,570275726483542016,neutral,1.0,,,American,,StefanNiemczyk,,0,"@AmericanAir I'd like to apologize to the gate agent for flight AA76, I was not aware that zone 1 was after the nine other precious gems.",,2015-02-24 09:35:03 -0800,,Arizona,usermarker i would like to apologize to the gate agent for flight aa76 i was not aware that zone 1 was after the nine other precious gems,"@americanair i'd like to apologize to the gate agent for flight aa76, i was not aware that zone 1 was after the nine other precious gems.",11987
11992,570275314036649984,positive,0.6749,,0.0,American,,susqhb,,0,@AmericanAir None of the #LAX flights into #DFW have been Cancelled Flightled. Those landing before and after ours are fine. Completely arbitrary.,,2015-02-24 09:33:24 -0800,Dallas via NYC via the OC,Central Time (US & Canada),usermarker none of the lax flights into dfw have been cancelled flightled those landing before and after ours are fine completely arbitrary,@americanair none of the #lax flights into #dfw have been cancelled flightled. those landing before and after ours are fine. completely arbitrary.,11992
11995,570274148364242947,neutral,0.6676,,,American,,treeguy81,,0,@AmericanAir thanks!,,2015-02-24 09:28:46 -0800,Raleigh NC,Quito,usermarker thanks,@americanair thanks!,14
12003,570271896887017472,positive,0.3519,,0.0,American,,MeeestarCoke,,0,@AmericanAir thanks for the info Is there a number I can call to speak to a person? It's going to take an hour to type it out,,2015-02-24 09:19:50 -0800,BK,,usermarker thanks for the info is there a number i can call to speak to a person it is going to take an hour to type it out,@americanair thanks for the info is there a number i can call to speak to a person? it's going to take an hour to type it out,12003
12004,570271574462369793,neutral,0.627,,,American,,pilot991,,0,"@AmericanAir we are off to Kax premium.  Hoping this flight is better food, TV now I know how to work it and service. Tnx",,2015-02-24 09:18:33 -0800,new england,Central Time (US & Canada),usermarker we are off to kax premium hoping this flight is better food tv now i know how to work it and service tnx,"@americanair we are off to kax premium. hoping this flight is better food, tv now i know how to work it and service. tnx",12004
12011,570270435478122497,neutral,0.6266,,,American,,beckyw618,,0,@AmericanAir Thanks so much!,,2015-02-24 09:14:01 -0800,,,usermarker thanks so much,@americanair thanks so much!,231
12016,570268875872473088,positive,0.6907,,0.0,American,,SuperGlueMom,,0,@AmericanAir I was happy to purchase the upgrade. If only it was avail on my next flight.,,2015-02-24 09:07:49 -0800,Southern Suburbia,Eastern Time (US & Canada),usermarker i was happy to purchase the upgrade if only it was avail on my next flight,@americanair i was happy to purchase the upgrade. if only it was avail on my next flight.,12016
12019,570268326250745856,neutral,0.6304,,0.0,American,,hooton,,0,@AmericanAir my flight to DFW from LIT on my way to PDX tomorrow was Cancelled Flighted. Can you help me?,,2015-02-24 09:05:38 -0800,"Little Rock, AR",Central Time (US & Canada),usermarker my flight to dfw from lit on my way to pdx tomorrow was cancelled flighted can you help me,@americanair my flight to dfw from lit on my way to pdx tomorrow was cancelled flighted. can you help me?,12019
12047,570307312675651585,negative,0.6369,Cancelled Flight,0.6369,American,,bharris77,,0,"@AmericanAir Believe me, I understand. Flight #2955. Was originally booked for Sunday. Flight was Cancelled Flighted and rescheduled for today.",,2015-02-24 11:40:33 -0800,"Frisco, Texas",Central Time (US & Canada),usermarker believe me i understand flight 2955 was originally booked for sunday flight was cancelled flighted and rescheduled for today,"@americanair believe me, i understand. flight #2955. was originally booked for sunday. flight was cancelled flighted and rescheduled for today.",11886
12056,570305264613765122,positive,0.6485,,,American,,jamucsb,,0,@AmericanAir thank you!,,2015-02-24 11:32:25 -0800,"Los Angeles, CA",Pacific Time (US & Canada),usermarker thank you,@americanair thank you!,281
12064,570302358242115584,positive,1.0,,,American,,JohnMHaaland,,0,@AmericanAir thanks,,2015-02-24 11:20:52 -0800,New York Tri-State,Eastern Time (US & Canada),usermarker thanks,@americanair thanks,14
12070,570300355843661824,neutral,1.0,,,American,,dcathomedad,,0,@AmericanAir I might look into that. My wife travels much more than I do. Could we both use the membership?,,2015-02-24 11:12:55 -0800,DC to STL ,,usermarker i might look into that my wife travels much more than i do could we both use the membership,@americanair i might look into that. my wife travels much more than i do. could we both use the membership?,11909
12071,570300262302289920,positive,1.0,,,American,,pokecrastinator,,0,"@AmericanAir Thank you, you too!",,2015-02-24 11:12:32 -0800,United States,Mountain Time (US & Canada),usermarker thank you you too,"@americanair thank you, you too!",11910
12080,570298285350629376,neutral,0.6709,,,American,,ThisIsKari,,0,@AmericanAir I don't think you should help him at all based on his behavior. The voucher and cot seem like enough lol 😃,,2015-02-24 11:04:41 -0800,"Dallas, TX",Central Time (US & Canada),usermarker i do not think you should help him at all based on his behavior the voucher and cot seem like enough lol,@americanair i don't think you should help him at all based on his behavior. the voucher and cot seem like enough lol 😃,11919
12088,570296616688750592,neutral,1.0,,,American,,AesaGaming,,0,@AmericanAir Trying desperately to get my boyfriend booked on the same US Airways flight as myself for the same price. Can you help?,,2015-02-24 10:58:03 -0800,,,usermarker trying desperately to get my boyfriend booked on the same us airways flight as myself for the same price can you help,@americanair trying desperately to get my boyfriend booked on the same us airways flight as myself for the same price. can you help?,11927
12091,570295901555699712,positive,1.0,,,American,,MeeestarCoke,,0,@AmericanAir thanks!!,,2015-02-24 10:55:13 -0800,BK,,usermarker thanks,@americanair thanks!!,14
12100,570290552169734144,neutral,0.6808,,,American,,saianel,,0,"@AmericanAir @RobertDwyer AA doesnt charge any fees to change award tickets as long as the origin, destination &amp; award type remains the same",,2015-02-24 10:33:57 -0800,Texas,Mountain Time (US & Canada),usermarker usermarker aa doesnt charge any fees to change award tickets as long as the origin destination award type remains the same,"@americanair @robertdwyer aa doesnt charge any fees to change award tickets as long as the origin, destination & award type remains the same",11939
12115,570284482588246016,negative,0.6495,Customer Service Issue,0.6495,American,,mmanny,,0,"@AmericanAir Would love to DM you, but my Twitter app says you're not following me and I can't.","[0.0, 0.0]",2015-02-24 10:09:50 -0800,NYC,Eastern Time (US & Canada),usermarker would love to dm you but my twitter app says you are not following me and i can not,"@americanair would love to dm you, but my twitter app says you're not following me and i can't.",11954
12122,570282555057909760,negative,1.0,Late Flight,0.6461,American,,alicizzle,,0,"@AmericanAir continues to win: I've never missed a flight before, but a nice little quiet gate change made it possible. Sheesh.",,2015-02-24 10:02:11 -0800,MiniApple(s),,usermarker continues to win i have never missed a flight before but a nice little quiet gate change made it possible sheesh,"@americanair continues to win: i've never missed a flight before, but a nice little quiet gate change made it possible. sheesh.",11961
12123,570282469791911936,positive,0.6709999999999999,,,American,,mrespinosa1971,,0,@AmericanAir - keeping AA up in the Air! My crew chief cousin Alex Espinosa in DFW! http://t.co/0HXLNvZknP,,2015-02-24 10:01:50 -0800,Great State of Texas,Central Time (US & Canada),usermarker keeping aa up in the air my crew chief cousin alex espinosa in dfw urlmarker,@americanair - keeping aa up in the air! my crew chief cousin alex espinosa in dfw! http://t.co/0hxlnvzknp,11962
12130,570280641771790336,positive,1.0,,,American,,LordLasenby,,0,@AmericanAir @Clarkey_19 we done it with 1 truck... No biggie 😄,,2015-02-24 09:54:34 -0800,,London,usermarker usermarker we done it with 1 truck no biggie,@americanair @clarkey_19 we done it with 1 truck... no biggie 😄,11969
12148,570275726483542016,negative,0.6535,Can't Tell,0.3754,American,,StefanNiemczyk,,0,"@AmericanAir I'd like to apologize to the gate agent for flight AA76, I was not aware that zone 1 was after the nine other precious gems.",,2015-02-24 09:35:03 -0800,,Arizona,usermarker i would like to apologize to the gate agent for flight aa76 i was not aware that zone 1 was after the nine other precious gems,"@americanair i'd like to apologize to the gate agent for flight aa76, i was not aware that zone 1 was after the nine other precious gems.",11987
12153,570275314036649984,negative,1.0,Late Flight,0.3703,American,,susqhb,,0,@AmericanAir None of the #LAX flights into #DFW have been Cancelled Flightled. Those landing before and after ours are fine. Completely arbitrary.,,2015-02-24 09:33:24 -0800,Dallas via NYC via the OC,Central Time (US & Canada),usermarker none of the lax flights into dfw have been cancelled flightled those landing before and after ours are fine completely arbitrary,@americanair none of the #lax flights into #dfw have been cancelled flightled. those landing before and after ours are fine. completely arbitrary.,11992
12156,570274148364242947,positive,1.0,,,American,,treeguy81,,0,@AmericanAir thanks!,,2015-02-24 09:28:46 -0800,Raleigh NC,Quito,usermarker thanks,@americanair thanks!,14
12164,570271896887017472,neutral,0.6709999999999999,,,American,,MeeestarCoke,,0,@AmericanAir thanks for the info Is there a number I can call to speak to a person? It's going to take an hour to type it out,,2015-02-24 09:19:50 -0800,BK,,usermarker thanks for the info is there a number i can call to speak to a person it is going to take an hour to type it out,@americanair thanks for the info is there a number i can call to speak to a person? it's going to take an hour to type it out,12003
12165,570271574462369793,positive,1.0,,,American,,pilot991,,0,"@AmericanAir we are off to Kax premium.  Hoping this flight is better food, TV now I know how to work it and service. Tnx",,2015-02-24 09:18:33 -0800,new england,Central Time (US & Canada),usermarker we are off to kax premium hoping this flight is better food tv now i know how to work it and service tnx,"@americanair we are off to kax premium. hoping this flight is better food, tv now i know how to work it and service. tnx",12004
12172,570270435478122497,positive,1.0,,,American,,beckyw618,,0,@AmericanAir Thanks so much!,,2015-02-24 09:14:01 -0800,,,usermarker thanks so much,@americanair thanks so much!,231
12177,570268875872473088,negative,0.6432,Flight Booking Problems,0.3331,American,,SuperGlueMom,,0,@AmericanAir I was happy to purchase the upgrade. If only it was avail on my next flight.,,2015-02-24 09:07:49 -0800,Southern Suburbia,Eastern Time (US & Canada),usermarker i was happy to purchase the upgrade if only it was avail on my next flight,@americanair i was happy to purchase the upgrade. if only it was avail on my next flight.,12016
12180,570268326250745856,negative,0.667,Cancelled Flight,0.667,American,,hooton,,0,@AmericanAir my flight to DFW from LIT on my way to PDX tomorrow was Cancelled Flighted. Can you help me?,,2015-02-24 09:05:38 -0800,"Little Rock, AR",Central Time (US & Canada),usermarker my flight to dfw from lit on my way to pdx tomorrow was cancelled flighted can you help me,@americanair my flight to dfw from lit on my way to pdx tomorrow was cancelled flighted. can you help me?,12019
12192,570265876911403009,positive,0.6743,,,American,,vMongo,,0,@AmericanAir Thanks!,,2015-02-24 08:55:54 -0800,DFW Area,Central Time (US & Canada),usermarker thanks,@americanair thanks!,14
12406,570198744907567106,positive,1.0,,,American,,vickky1319,,0,@AmericanAir Thank you.,,2015-02-24 04:29:09 -0800,Somewhere In The World...,Eastern Time (US & Canada),usermarker thank you,@americanair thank you.,281
12527,570124993176203265,neutral,0.6807,,0.0,American,,tennesseejc,,0,@AmericanAir done,,2015-02-23 23:36:05 -0800,"las vegas/nashville, TN",Central Time (US & Canada),usermarker done,@americanair done,988
12553,570109867031191552,negative,0.6603,Can't Tell,0.6603,American,,meg4miles,,0,@AmericanAir I DM'd you,,2015-02-23 22:35:59 -0800,N to da Y to da C ,,usermarker i dm would you,@americanair i dm'd you,5333
12572,570101027439046656,positive,1.0,,,American,,lballsy,,0,@AmericanAir Thanks!,,2015-02-23 22:00:51 -0800,,Hawaii,usermarker thanks,@americanair thanks!,14
12621,570085896319401984,positive,0.6807,,,American,,csckirk,,0,@AmericanAir Thank you,,2015-02-23 21:00:44 -0800,North Texas,Central Time (US & Canada),usermarker thank you,@americanair thank you,281
12627,570083543553945600,positive,0.669,,,American,,lczand,,0,@AmericanAir thank you,,2015-02-23 20:51:23 -0800,SE USA,Central Time (US & Canada),usermarker thank you,@americanair thank you,281
12688,570060846241611777,positive,1.0,,,American,,NickWellen,,0,@AmericanAir thanks,,2015-02-23 19:21:11 -0800,Minnesota,,usermarker thanks,@americanair thanks,14
12761,570033624306708481,positive,1.0,,,American,,sherscott,,0,@AmericanAir Absolutely!,,2015-02-23 17:33:01 -0800,Houston,Central Time (US & Canada),usermarker absolutely,@americanair absolutely!,10825
13029,569957163138883584,positive,0.6983,,,American,,brooks_angus,,0,@AmericanAir thanks,,2015-02-23 12:29:11 -0800,Greater Geelong ,,usermarker thanks,@americanair thanks,14
13033,569956285828853761,positive,1.0,,,American,,flemmingerin,,0,@AmericanAir THANK YOU!!! 👍👍👍👍👍,,2015-02-23 12:25:42 -0800,San Diego,,usermarker thank you,@americanair thank you!!! 👍👍👍👍👍,281
13064,569948758118526976,neutral,1.0,,,American,,flemmingerin,,0,@AmericanAir Thank you,,2015-02-23 11:55:47 -0800,San Diego,,usermarker thank you,@americanair thank you,281
13107,569938864028012544,positive,1.0,,,American,,Lvalenzuela14,,0,@AmericanAir thanks!,"[0.0, 0.0]",2015-02-23 11:16:28 -0800,Chile,,usermarker thanks,@americanair thanks!,14
13143,569930733512491008,negative,1.0,Can't Tell,1.0,American,,WorstThingsBot,,0,@AmericanAir really,,2015-02-23 10:44:10 -0800,,,usermarker really,@americanair really,7167
13151,569927644575182849,positive,0.6795,,,American,,DL_Dub,,0,@AmericanAir thanks.....,,2015-02-23 10:31:53 -0800,'Merica,,usermarker thanks,@americanair thanks.....,14
13210,569914488541069312,positive,0.6789,,,American,,maggiecoliver,,0,@AmericanAir Thank you.,,2015-02-23 09:39:37 -0800,,Eastern Time (US & Canada),usermarker thank you,@americanair thank you.,281
13213,569913899648098304,neutral,1.0,,,American,,Gauyo,,0,@AmericanAir done.,,2015-02-23 09:37:16 -0800,"Buenos Aires, Argentina",Buenos Aires,usermarker done,@americanair done.,988
13259,569903191279710208,negative,0.6864,Can't Tell,0.3523,American,,ezemanalyst,,0,@AmericanAir refund,,2015-02-23 08:54:43 -0800,,,usermarker refund,@americanair refund,3502
13339,569885774386044930,neutral,0.3528,,0.0,American,,Brittany1golf,,0,@AmericanAir thank you,,2015-02-23 07:45:31 -0800,,Eastern Time (US & Canada),usermarker thank you,@americanair thank you,281
13442,569863349737021440,positive,0.6807,,,American,,letallec89,,0,@AmericanAir thank you!,,2015-02-23 06:16:24 -0800,,,usermarker thank you,@americanair thank you!,281
13552,569834060043780096,positive,1.0,,,American,,cofc98grad,,0,@AmericanAir thank you!,,2015-02-23 04:20:01 -0800,,,usermarker thank you,@americanair thank you!,281
13766,569720491830878208,positive,1.0,,,American,,papenfold,,0,@AmericanAir thanks,"[35.2376587, -80.92256446]",2015-02-22 20:48:44 -0800,Guatemala.,Mountain Time (US & Canada),usermarker thanks,@americanair thanks,14
14529,569603991551782913,positive,0.6401,,,American,,HybridMovementC,,0,@AmericanAir  Mad love http://t.co/4ojrSDWPkK NYC-,,2015-02-22 13:05:48 -0800,"everywhere, all the time.",,usermarker mad love urlmarker nyc,@americanair mad love http://t.co/4ojrsdwpkk nyc-,4961
