row_id,reason
12040,exact_duplicate_record
12059,exact_duplicate_record
12063,exact_duplicate_record
12066,exact_duplicate_record
12068,exact_duplicate_record
12069,exact_duplicate_record
12074,exact_duplicate_record
12075,exact_duplicate_record
12078,exact_duplicate_record
12079,exact_duplicate_record
12086,exact_duplicate_record
12093,exact_duplicate_record
12097,exact_duplicate_record
12099,exact_duplicate_record
12102,exact_duplicate_record
12105,exact_duplicate_record
12106,exact_duplicate_record
12108,exact_duplicate_record
12109,exact_duplicate_record
12111,exact_duplicate_record
12118,exact_duplicate_record
12120,exact_duplicate_record
12126,exact_duplicate_record
12134,exact_duplicate_record
12136,exact_duplicate_record
12137,exact_duplicate_record
12138,exact_duplicate_record
12139,exact_duplicate_record
12142,exact_duplicate_record
12145,exact_duplicate_record
12152,exact_duplicate_record
12155,exact_duplicate_record
12157,exact_duplicate_record
12158,exact_duplicate_record
12159,exact_duplicate_record
12162,exact_duplicate_record
14,conflicting_labels_in_duplicate_group
109,conflicting_labels_in_duplicate_group
110,conflicting_labels_in_duplicate_group
111,conflicting_labels_in_duplicate_group
112,conflicting_labels_in_duplicate_group
193,conflicting_labels_in_duplicate_group
231,conflicting_labels_in_duplicate_group
281,conflicting_labels_in_duplicate_group
331,conflicting_labels_in_duplicate_group
366,conflicting_labels_in_duplicate_group
395,conflicting_labels_in_duplicate_group
504,conflicting_labels_in_duplicate_group
515,conflicting_labels_in_duplicate_group
558,conflicting_labels_in_duplicate_group
601,conflicting_labels_in_duplicate_group
615,conflicting_labels_in_duplicate_group
813,conflicting_labels_in_duplicate_group
867,conflicting_labels_in_duplicate_group
948,conflicting_labels_in_duplicate_group
988,conflicting_labels_in_duplicate_group
994,conflicting_labels_in_duplicate_group
1170,conflicting_labels_in_duplicate_group
1212,conflicting_labels_in_duplicate_group
1477,conflicting_labels_in_duplicate_group
1864,conflicting_labels_in_duplicate_group
1877,conflicting_labels_in_duplicate_group
1938,conflicting_labels_in_duplicate_group
1968,conflicting_labels_in_duplicate_group
1969,conflicting_labels_in_duplicate_group
2130,conflicting_labels_in_duplicate_group
2285,conflicting_labels_in_duplicate_group
2437,conflicting_labels_in_duplicate_group
2581,conflicting_labels_in_duplicate_group
2647,conflicting_labels_in_duplicate_group
2722,conflicting_labels_in_duplicate_group
2859,conflicting_labels_in_duplicate_group
2890,conflicting_labels_in_duplicate_group
2985,conflicting_labels_in_duplicate_group
3040,conflicting_labels_in_duplicate_group
3333,conflicting_labels_in_duplicate_group
3394,conflicting_labels_in_duplicate_group
3494,conflicting_labels_in_duplicate_group
3502,conflicting_labels_in_duplicate_group
3565,conflicting_labels_in_duplicate_group
3604,conflicting_labels_in_duplicate_group
3752,conflicting_labels_in_duplicate_group
4091,conflicting_labels_in_duplicate_group
4113,conflicting_labels_in_duplicate_group
4184,conflicting_labels_in_duplicate_group
4371,conflicting_labels_in_duplicate_group
4382,conflicting_labels_in_duplicate_group
4402,conflicting_labels_in_duplicate_group
4447,conflicting_labels_in_duplicate_group
4536,conflicting_labels_in_duplicate_group
4567,conflicting_labels_in_duplicate_group
4609,conflicting_labels_in_duplicate_group
4650,conflicting_labels_in_duplicate_group
4774,conflicting_labels_in_duplicate_group
4834,conflicting_labels_in_duplicate_group
4863,conflicting_labels_in_duplicate_group
4884,conflicting_labels_in_duplicate_group
4903,conflicting_labels_in_duplicate_group
4924,conflicting_labels_in_duplicate_group
4938,conflicting_labels_in_duplicate_group
4943,conflicting_labels_in_duplicate_group
4955,conflicting_labels_in_duplicate_group
4961,conflicting_labels_in_duplicate_group
5333,conflicting_labels_in_duplicate_group
5520,conflicting_labels_in_duplicate_group
5709,conflicting_labels_in_duplicate_group
5865,conflicting_labels_in_duplicate_group
5866,conflicting_labels_in_duplicate_group
5936,conflicting_labels_in_duplicate_group
6232,conflicting_labels_in_duplicate_group
6266,conflicting_labels_in_duplicate_group
6311,conflicting_labels_in_duplicate_group
6452,conflicting_labels_in_duplicate_group
6595,conflicting_labels_in_duplicate_group
6708,conflicting_labels_in_duplicate_group
6814,conflicting_labels_in_duplicate_group
6861,conflicting_labels_in_duplicate_group
6862,conflicting_labels_in_duplicate_group
6924,conflicting_labels_in_duplicate_group
6929,conflicting_labels_in_duplicate_group
6949,conflicting_labels_in_duplicate_group
6964,conflicting_labels_in_duplicate_group
6972,conflicting_labels_in_duplicate_group
6986,conflicting_labels_in_duplicate_group
6996,conflicting_labels_in_duplicate_group
6998,conflicting_labels_in_duplicate_group
7018,conflicting_labels_in_duplicate_group
7023,conflicting_labels_in_duplicate_group
7068,conflicting_labels_in_duplicate_group
7075,conflicting_labels_in_duplicate_group
7081,conflicting_labels_in_duplicate_group
7083,conflicting_labels_in_duplicate_group
7088,conflicting_labels_in_duplicate_group
7089,conflicting_labels_in_duplicate_group
7096,conflicting_labels_in_duplicate_group
7104,conflicting_labels_in_duplicate_group
7109,conflicting_labels_in_duplicate_group
7117,conflicting_labels_in_duplicate_group
7118,conflicting_labels_in_duplicate_group
7122,conflicting_labels_in_duplicate_group
7138,conflicting_labels_in_duplicate_group
7155,conflicting_labels_in_duplicate_group
7158,conflicting_labels_in_duplicate_group
7167,conflicting_labels_in_duplicate_group
7169,conflicting_labels_in_duplicate_group
7175,conflicting_labels_in_duplicate_group
7191,conflicting_labels_in_duplicate_group
7214,conflicting_labels_in_duplicate_group
7219,conflicting_labels_in_duplicate_group
7293,conflicting_labels_in_duplicate_group
7623,conflicting_labels_in_duplicate_group
7684,conflicting_labels_in_duplicate_group
7731,conflicting_labels_in_duplicate_group
7761,conflicting_labels_in_duplicate_group
7881,conflicting_labels_in_duplicate_group
7884,conflicting_labels_in_duplicate_group
7914,conflicting_labels_in_duplicate_group
7920,conflicting_labels_in_duplicate_group
7932,conflicting_labels_in_duplicate_group
7965,conflicting_labels_in_duplicate_group
7978,conflicting_labels_in_duplicate_group
7982,conflicting_labels_in_duplicate_group
8013,conflicting_labels_in_duplicate_group
8054,conflicting_labels_in_duplicate_group
8074,conflicting_labels_in_duplicate_group
8109,conflicting_labels_in_duplicate_group
8123,conflicting_labels_in_duplicate_group
8216,conflicting_labels_in_duplicate_group
8299,conflicting_labels_in_duplicate_group
8307,conflicting_labels_in_duplicate_group
8317,conflicting_labels_in_duplicate_group
8349,conflicting_labels_in_duplicate_group
8403,conflicting_labels_in_duplicate_group
8425,conflicting_labels_in_duplicate_group
8431,conflicting_labels_in_duplicate_group
8474,conflicting_labels_in_duplicate_group
8596,conflicting_labels_in_duplicate_group
8607,conflicting_labels_in_duplicate_group
8608,conflicting_labels_in_duplicate_group
8622,conflicting_labels_in_duplicate_group
8655,conflicting_labels_in_duplicate_group
8700,conflicting_labels_in_duplicate_group
8824,conflicting_labels_in_duplicate_group
8845,conflicting_labels_in_duplicate_group
8857,conflicting_labels_in_duplicate_group
8917,conflicting_labels_in_duplicate_group
8931,conflicting_labels_in_duplicate_group
8950,conflicting_labels_in_duplicate_group
9003,conflicting_labels_in_duplicate_group
9025,conflicting_labels_in_duplicate_group
9044,conflicting_labels_in_duplicate_group
9205,conflicting_labels_in_duplicate_group
9327,conflicting_labels_in_duplicate_group
9578,conflicting_labels_in_duplicate_group
9588,conflicting_labels_in_duplicate_group
9946,conflicting_labels_in_duplicate_group
10428,conflicting_labels_in_duplicate_group
10495,conflicting_labels_in_duplicate_group
10755,conflicting_labels_in_duplicate_group
10825,conflicting_labels_in_duplicate_group
10869,conflicting_labels_in_duplicate_group
10879,conflicting_labels_in_duplicate_group
10904,conflicting_labels_in_duplicate_group
11156,conflicting_labels_in_duplicate_group
11165,conflicting_labels_in_duplicate_group
11194,conflicting_labels_in_duplicate_group
11257,conflicting_labels_in_duplicate_group
11261,conflicting_labels_in_duplicate_group
11282,conflicting_labels_in_duplicate_group
11382,conflicting_labels_in_duplicate_group
11426,conflicting_labels_in_duplicate_group
11494,conflicting_labels_in_duplicate_group
11505,conflicting_labels_in_duplicate_group
11576,conflicting_labels_in_duplicate_group
11604,conflicting_labels_in_duplicate_group
11676,conflicting_labels_in_duplicate_group
11711,conflicting_labels_in_duplicate_group
11736,conflicting_labels_in_duplicate_group
11771,conflicting_labels_in_duplicate_group
11845,conflicting_labels_in_duplicate_group
11886,conflicting_labels_in_duplicate_group
11895,conflicting_labels_in_duplicate_group
11903,conflicting_labels_in_duplicate_group
11909,conflicting_labels_in_duplicate_group
11910,conflicting_labels_in_duplicate_group
11919,conflicting_labels_in_duplicate_group
11927,conflicting_labels_in_duplicate_group
11930,conflicting_labels_in_duplicate_group
11938,conflicting_labels_in_duplicate_group
11939,conflicting_labels_in_duplicate_group
11954,conflicting_labels_in_duplicate_group
11961,conflicting_labels_in_duplicate_group
11962,conflicting_labels_in_duplicate_group
11969,conflicting_labels_in_duplicate_group
11973,conflicting_labels_in_duplicate_group
11987,conflicting_labels_in_duplicate_group
11992,conflicting_labels_in_duplicate_group
11995,conflicting_labels_in_duplicate_group
12003,conflicting_labels_in_duplicate_group
12004,conflicting_labels_in_duplicate_group
12011,conflicting_labels_in_duplicate_group
12016,conflicting_labels_in_duplicate_group
12019,conflicting_labels_in_duplicate_group
12047,conflicting_labels_in_duplicate_group
12056,conflicting_labels_in_duplicate_group
12064,conflicting_labels_in_duplicate_group
12070,conflicting_labels_in_duplicate_group
12071,conflicting_labels_in_duplicate_group
12080,conflicting_labels_in_duplicate_group
12088,conflicting_labels_in_duplicate_group
12091,conflicting_labels_in_duplicate_group
12100,conflicting_labels_in_duplicate_group
12115,conflicting_labels_in_duplicate_group
12122,conflicting_labels_in_duplicate_group
12123,conflicting_labels_in_duplicate_group
12130,conflicting_labels_in_duplicate_group
12148,conflicting_labels_in_duplicate_group
12153,conflicting_labels_in_duplicate_group
12156,conflicting_labels_in_duplicate_group
12164,conflicting_labels_in_duplicate_group
12165,conflicting_labels_in_duplicate_group
12172,conflicting_labels_in_duplicate_group
12177,conflicting_labels_in_duplicate_group
12180,conflicting_labels_in_duplicate_group
12192,conflicting_labels_in_duplicate_group
12406,conflicting_labels_in_duplicate_group
12527,conflicting_labels_in_duplicate_group
12553,conflicting_labels_in_duplicate_group
12572,conflicting_labels_in_duplicate_group
12621,conflicting_labels_in_duplicate_group
12627,conflicting_labels_in_duplicate_group
12688,conflicting_labels_in_duplicate_group
12761,conflicting_labels_in_duplicate_group
13029,conflicting_labels_in_duplicate_group
13033,conflicting_labels_in_duplicate_group
13064,conflicting_labels_in_duplicate_group
13107,conflicting_labels_in_duplicate_group
13143,conflicting_labels_in_duplicate_group
13151,conflicting_labels_in_duplicate_group
13210,conflicting_labels_in_duplicate_group
13213,conflicting_labels_in_duplicate_group
13259,conflicting_labels_in_duplicate_group
13339,conflicting_labels_in_duplicate_group
13442,conflicting_labels_in_duplicate_group
13552,conflicting_labels_in_duplicate_group
13766,conflicting_labels_in_duplicate_group
14529,conflicting_labels_in_duplicate_group
