epoch,train_loss,train_accuracy,train_eval_loss,train_eval_accuracy,train_eval_macro_f1,val_loss,val_accuracy,val_macro_f1,val_weighted_f1,learning_rate,fit_seconds,metric_seconds
1,0.9396116137504578,0.6112715601921082,0.9161933660507202,0.6492084038633874,0.36997875992957424,0.9270807504653931,0.6307265155020824,0.35237675133882745,0.5514546360265015,0.0010000000474974513,2.715721541997482,0.38047904199993354
2,0.8974410891532898,0.6320820450782776,0.8240987658500671,0.6535895648710545,0.35611941317681645,0.8424120545387268,0.6446089773253123,0.34912144965596315,0.5548284175890654,0.0010000000474974513,1.7590807920023508,0.24712250000084168
3,0.882793664932251,0.6350691914558411,0.810305118560791,0.6675296226227223,0.38499486310443415,0.8297474384307861,0.6473854696899584,0.3657474823961893,0.568487564131094,0.0010000000474974513,1.8244196660016314,0.25652912499936065
4,0.8597389459609985,0.6456238031387329,0.8114513158798218,0.6686249128746391,0.38183937355188796,0.8333261609077454,0.6524757056918093,0.3704770347731395,0.5726453026663862,0.0010000000474974513,1.803833082998608,0.25353687499955413
5,0.7977641224861145,0.6635467410087585,0.6507262587547302,0.715821965548143,0.4605341744382158,0.7136335372924805,0.6871818602498843,0.4370944804480241,0.632454677132115,0.0010000000474974513,1.7882235830002173,0.24460874999931548
6,0.7043364644050598,0.6866474151611328,0.5606901049613953,0.7425072189584785,0.5924322580634973,0.6793693900108337,0.7149467838963443,0.583313340959833,0.7071322826020647,0.0010000000474974513,1.7734943329996895,0.24431858400203055
7,0.6484285593032837,0.7104451060295105,0.5442625284194946,0.7491785323110625,0.4846699493846925,0.6951488256454468,0.6968995835261453,0.43352373639708564,0.6371068510161269,0.0010000000474974513,1.7649241250001069,0.24848850000125822
8,0.6133891344070435,0.7301602959632874,0.5227470397949219,0.7697899034153142,0.6180516290518006,0.7192856073379517,0.7246645071726052,0.5751518891598901,0.6984296418972833,0.0010000000474974513,1.7684113750001416,0.24399604100108263
9,0.592113733291626,0.73802649974823,0.4862361252307892,0.7917952802947327,0.6665582499251821,0.7278748154640198,0.7316057380842202,0.6105452025460518,0.7234049848506073,0.0010000000474974513,1.7706747090014687,0.24550100000124075
10,0.5674848556518555,0.7518669962882996,0.47690433263778687,0.7980683062829832,0.6746683040352922,0.6984954476356506,0.7320684868116613,0.5970788317514946,0.7115281471963324,0.0010000000474974513,1.7798617909975292,0.24503345800258103
11,0.5505741238594055,0.7612267136573792,0.4643670320510864,0.8136015134919845,0.7041564756866602,0.7169874310493469,0.7403979639055993,0.6162092306770145,0.7213624748090355,0.0010000000474974513,1.7671023750008317,0.2445602499974484
12,0.5394337177276611,0.7777556777000427,0.4542180895805359,0.8037439012247336,0.6846745697042961,0.8053713440895081,0.7242017584451643,0.6054188449832733,0.7124135304575394,0.0010000000474974513,1.7668847079985426,0.24515741699724458
13,0.5234811305999756,0.7916957139968872,0.43162497878074646,0.8269441401971522,0.7371812965030986,0.7545334696769714,0.7158722813512263,0.6068013850805442,0.7104586513282337,0.0010000000474974513,1.7686929169976793,0.24426137499904144
14,0.5082729458808899,0.8007567524909973,0.410331666469574,0.8487503733944041,0.7747910287805371,0.7124120593070984,0.7468764460897732,0.6544237475951076,0.7413288095687964,0.0010000000474974513,1.768738791000942,0.2445553329998802
15,0.5009375810623169,0.8057353496551514,0.4219377040863037,0.8369013243054864,0.7563542129303062,0.771265983581543,0.7186487737158723,0.6191083666112361,0.7150274379468586,0.0010000000474974513,1.7677193750023434,0.2450125420000404
16,0.48790469765663147,0.8090212345123291,0.39081960916519165,0.8545255401772379,0.7860861231374837,0.719239354133606,0.7366959740860712,0.637755665563298,0.7293601851866298,0.0010000000474974513,1.768985957998666,0.24419370800023898
17,0.48041385412216187,0.8101164698600769,0.3854053020477295,0.851339241262571,0.7787468095837804,0.7312099933624268,0.7297547431744563,0.6316201076000117,0.7239310680704806,0.0010000000474974513,1.7674697919974278,0.24425124999834225
18,0.4668627977371216,0.8196753859519958,0.4378645420074463,0.8488499452354874,0.7844228285291343,0.8466587662696838,0.7265155020823693,0.6430435853507647,0.7254065660818623,0.0010000000474974513,1.768901667001046,0.2441627089974645
19,0.4607425928115845,0.8262471556663513,0.3798483610153198,0.8658767300607388,0.8037228173298366,0.8265720009803772,0.7334567329939843,0.6367096093492265,0.7247056195953723,0.0010000000474974513,1.8026616249990184,0.2438967500020226
