row_id,true_label,predicted_label,correct,review_reason,assistant_group,assistant_rationale_vi,certainty,reviewer_type,human_adjudicated
12292,negative,neutral,False,confusion_pair,implicit_complaint,Hối tiếc về lựa chọn tuyến/hãng; should have và suppose thể hiện đánh giá gián tiếp.,candidate_explanation,AI assistant; direct qualitative reading,False
2805,negative,neutral,False,confusion_pair,context_missing,So sánh với hãng khác kèm URL; thiếu nội dung liên kết nên chưa xác định ý phê bình đầy đủ.,candidate_explanation,AI assistant; direct qualitative reading,False
10333,negative,neutral,False,confusion_pair,request_with_problem,Câu hỏi dịch vụ kèm chờ 4 giờ; có thể mô hình ưu tiên hình thức câu hỏi.,candidate_explanation,AI assistant; direct qualitative reading,False
2717,negative,neutral,False,confusion_pair,implicit_complaint,"Yêu cầu được ra khỏi gate ngụ ý mắc kẹt, không có tính từ cảm xúc trực tiếp.",candidate_explanation,AI assistant; direct qualitative reading,False
12779,negative,neutral,False,confusion_pair,request_with_problem,"Yêu cầu hỗ trợ đặt vé, ranh giới negative/neutral phụ thuộc bối cảnh.",candidate_explanation,AI assistant; direct qualitative reading,False
14207,negative,neutral,False,confusion_pair,short_context,Chỉ nêu 24 giờ ở sân bay; trải nghiệm xấu được ngầm hiểu.,candidate_explanation,AI assistant; direct qualitative reading,False
14353,negative,neutral,False,confusion_pair,explicit_negative,Confusing/complicated là tín hiệu tiêu cực còn nguyên sau cleaning; chưa biết nguyên nhân lỗi.,candidate_explanation,AI assistant; direct qualitative reading,False
4515,negative,neutral,False,confusion_pair,sarcasm_candidate,So sánh thời gian wifi với tuổi thọ hạt Higgs là lối nói cường điệu; cần kiến thức ngoài văn bản.,candidate_explanation,AI assistant; direct qualitative reading,False
9263,negative,neutral,False,confusion_pair,short_explicit,Very embarrassing là đánh giá âm rõ nhưng tweet chỉ 3 token.,candidate_explanation,AI assistant; direct qualitative reading,False
5474,negative,neutral,False,confusion_pair,request_with_problem,"Hỏi khách sạn hoặc ngủ sân bay ngụ ý bất tiện, câu hỏi có cảm xúc gián tiếp.",candidate_explanation,AI assistant; direct qualitative reading,False
12742,negative,positive,False,confusion_pair,mixed_sentiment,"Thanks đối lập với but và việc phải thuê xe; khả năng nhầm tín hiệu tích cực, chưa có attribution.",candidate_explanation,AI assistant; direct qualitative reading,False
9326,negative,positive,False,confusion_pair,implicit_complaint,Would help và đồng đội đều tới trừ người viết biểu đạt thất vọng gián tiếp.,candidate_explanation,AI assistant; direct qualitative reading,False
9332,negative,positive,False,confusion_pair,sarcasm_candidate,"Awesome đi kèm sát giờ đóng cửa và WTH, dấu hiệu lời khen mang ý mỉa mai.",candidate_explanation,AI assistant; direct qualitative reading,False
14299,negative,positive,False,confusion_pair,negation_mixed,"Thankfully đối lập với not impressed; not vẫn được giữ, không thể quy lỗi cho việc xóa phủ định.",candidate_explanation,AI assistant; direct qualitative reading,False
12403,negative,positive,False,confusion_pair,target_mixed,"Thank you là lời hãng nói, còn người viết chọn hãng khác; cần phân biệt người/đối tượng cảm xúc.",candidate_explanation,AI assistant; direct qualitative reading,False
13381,negative,positive,False,confusion_pair,context_missing,Thông tin app hiển thị on time thiếu trao đổi trước; nhãn negative chưa rõ khi đọc riêng.,candidate_explanation,AI assistant; direct qualitative reading,False
1537,negative,positive,False,confusion_pair,target_mixed,"Good try dành cho United, safer/sooner dành cho Southwest; usermarker làm mất danh tính hãng.",candidate_explanation,AI assistant; direct qualitative reading,False
4440,negative,positive,False,confusion_pair,explicit_negative,INSANE và issue thể hiện khó chịu; negation can not còn nguyên.,candidate_explanation,AI assistant; direct qualitative reading,False
2856,negative,positive,False,confusion_pair,sarcasm_candidate,Thanks for có ý châm biếm khi crews bất ngờ bởi chuyến đến; hashtag phàn nàn đi kèm.,candidate_explanation,AI assistant; direct qualitative reading,False
1298,negative,positive,False,confusion_pair,target_mixed,"Lời khen thuộc DeltaAssist, quyết định rời United mang ý tiêu cực đối với hãng được gán nhãn.",candidate_explanation,AI assistant; direct qualitative reading,False
11160,neutral,negative,False,confusion_pair,neutral_question,"Hỏi quy định tích dặm, không có đánh giá dịch vụ rõ.",candidate_explanation,AI assistant; direct qualitative reading,False
3688,neutral,negative,False,confusion_pair,label_ambiguity,Có problems/messages và câu hỏi giá; neutral và phàn nàn đều là cách đọc có thể có.,candidate_explanation,AI assistant; direct qualitative reading,False
11718,neutral,negative,False,confusion_pair,request_with_problem,"Delayed là mô tả tình trạng trong câu hỏi, chưa chắc là đánh giá tiêu cực.",candidate_explanation,AI assistant; direct qualitative reading,False
11988,neutral,negative,False,confusion_pair,neutral_question,Confusion/proble​​ms nằm trong yêu cầu giải thích quy tắc đổi vé.,candidate_explanation,AI assistant; direct qualitative reading,False
9258,neutral,negative,False,confusion_pair,label_ambiguity,Đề nghị cải thiện thông tin có hàm ý phê bình; nhãn neutral cần con người kiểm tra.,candidate_explanation,AI assistant; direct qualitative reading,False
2821,neutral,negative,False,confusion_pair,negation_scope,"Not to include wheels là hướng dẫn kích thước, không phải phủ định lời khen.",candidate_explanation,AI assistant; direct qualitative reading,False
7968,neutral,negative,False,confusion_pair,neutral_question,"Hỏi giấy tờ cho trẻ nhỏ, nhiều viết tắt và tên riêng.",candidate_explanation,AI assistant; direct qualitative reading,False
8000,neutral,negative,False,confusion_pair,neutral_question,Hỏi lịch chuyến buổi chiều; only find mô tả tìm kiếm.,candidate_explanation,AI assistant; direct qualitative reading,False
7954,neutral,negative,False,confusion_pair,mixed_sentiment,Thanks xen với lời đề nghị cho Fitbit; nhiều đối tượng và bối cảnh trả lời.,candidate_explanation,AI assistant; direct qualitative reading,False
12077,neutral,negative,False,confusion_pair,label_question,"Horrible và NOHELP rất tiêu cực dù nhãn là neutral; ứng viên kiểm tra nhãn, không tự sửa ground truth.",candidate_explanation,AI assistant; direct qualitative reading,False
6286,neutral,positive,False,confusion_pair,short_context,"Tên người và từ biến dạng SCREAKJMF, thiếu bối cảnh để đọc cảm xúc.",candidate_explanation,AI assistant; direct qualitative reading,False
4647,neutral,positive,False,confusion_pair,label_question,Best airlines là khen rõ nhưng nhãn neutral; cần rà nhãn thay vì kết luận lỗi mô hình chắc chắn.,candidate_explanation,AI assistant; direct qualitative reading,False
1325,neutral,positive,False,confusion_pair,politeness,Thank you trong câu trao đổi ngắn có thể là lịch sự hơn là đánh giá tích cực.,candidate_explanation,AI assistant; direct qualitative reading,False
8960,neutral,positive,False,confusion_pair,cleaning_candidate,"Really caring?? có thể là nghi vấn/mỉa mai; cleaning xóa ??, chưa đo tác động nhân quả.",candidate_explanation,AI assistant; direct qualitative reading,False
13804,neutral,positive,False,confusion_pair,politeness,No worries/THANK U là lịch sự trong hỗ trợ; cả neutral và positive có thể hợp lý.,candidate_explanation,AI assistant; direct qualitative reading,False
8290,neutral,positive,False,confusion_pair,mixed_sentiment,Excited đối lập delayed though và câu hỏi; tweet chứa nhiều sắc thái.,candidate_explanation,AI assistant; direct qualitative reading,False
2783,neutral,positive,False,confusion_pair,negation_context,"Embarrassed đi cùng câu hỏi, thiếu bối cảnh his launched.",candidate_explanation,AI assistant; direct qualitative reading,False
8590,neutral,positive,False,confusion_pair,politeness,Thanks kèm phải chờ 1–3 ngày; lịch sự và bất tiện cùng xuất hiện.,candidate_explanation,AI assistant; direct qualitative reading,False
8035,neutral,positive,False,confusion_pair,context_missing,"Hashtag và URL truyền thông, một nửa token OOV; không xem nội dung liên kết.",candidate_explanation,AI assistant; direct qualitative reading,False
5995,neutral,positive,False,confusion_pair,neutral_facts,Thống kê nhân viên Social Care là thông tin thực tế; best/thank không xuất hiện.,candidate_explanation,AI assistant; direct qualitative reading,False
8294,positive,negative,False,confusion_pair,implicit_positive,"Tin tưởng hãng sẽ fix this, wink bị bỏ; chưa biết đóng góp của emoji.",candidate_explanation,AI assistant; direct qualitative reading,False
5026,positive,negative,False,confusion_pair,mixed_sentiment,Wait long nhưng solved/thank you kết thúc tích cực; sự cố quá khứ có thể chi phối dự đoán.,candidate_explanation,AI assistant; direct qualitative reading,False
2425,positive,negative,False,confusion_pair,context_missing,Zero Award và máy tính hài hước cần bối cảnh; biểu tượng cười bị xóa.,candidate_explanation,AI assistant; direct qualitative reading,False
8298,positive,negative,False,confusion_pair,mixed_sentiment,Wish/missing và emoticon buồn đi kèm sự gắn bó với hãng; target cảm xúc không đơn giản.,candidate_explanation,AI assistant; direct qualitative reading,False
773,positive,negative,False,confusion_pair,negation_scope,"Did not have to wait là trải nghiệm tốt, not không đồng nghĩa cảm xúc âm.",candidate_explanation,AI assistant; direct qualitative reading,False
13855,positive,negative,False,confusion_pair,negation_scope,"Negative nói về mentions, không phải đánh giá hãng; keep up good work là khen.",candidate_explanation,AI assistant; direct qualitative reading,False
6339,positive,negative,False,confusion_pair,target_mixed,Khen hãng trung thực nhưng chê Delta; gộp mentions làm mất mục tiêu so sánh.,candidate_explanation,AI assistant; direct qualitative reading,False
13733,positive,negative,False,confusion_pair,mixed_sentiment,At least able và thank you thể hiện giải quyết một phần vấn đề.,candidate_explanation,AI assistant; direct qualitative reading,False
9594,positive,negative,False,confusion_pair,explicit_positive,Excellent customer service và đề nghị thưởng rõ; chưa xác định lý do mô hình bỏ lỡ.,candidate_explanation,AI assistant; direct qualitative reading,False
1636,positive,negative,False,confusion_pair,mixed_sentiment,"Wonderful job sau flight delayed, đánh giá kết quả tích cực dù sự kiện âm.",candidate_explanation,AI assistant; direct qualitative reading,False
4898,positive,neutral,False,confusion_pair,context_missing,Got mine dịp kỷ niệm nhưng không nêu rõ đánh giá hãng.,candidate_explanation,AI assistant; direct qualitative reading,False
13,positive,neutral,False,confusion_pair,explicit_positive,"Fabulous và take stress away biểu đạt tích cực, có hashtags/URL.",candidate_explanation,AI assistant; direct qualitative reading,False
4024,positive,neutral,False,confusion_pair,implicit_positive,Give ... a gold star là lời khen ngầm dựa thành ngữ.,candidate_explanation,AI assistant; direct qualitative reading,False
5270,positive,neutral,False,confusion_pair,explicit_positive,"Fast/winners/congrats có tính chúc mừng, chưa giải thích được lỗi.",candidate_explanation,AI assistant; direct qualitative reading,False
3566,positive,neutral,False,confusion_pair,politeness,"Thx xen thời gian hạ cánh, cảm xúc nhẹ và phụ thuộc trao đổi trước.",candidate_explanation,AI assistant; direct qualitative reading,False
4876,positive,neutral,False,confusion_pair,context_missing,"Kỷ niệm gia đình có love, có thể chưa liên quan trực tiếp hãng.",candidate_explanation,AI assistant; direct qualitative reading,False
1617,positive,neutral,False,confusion_pair,label_question,"Thanks đi với delay và emoji chống tay; có thể mỉa mai nhưng nhãn positive, cần rà lại.",candidate_explanation,AI assistant; direct qualitative reading,False
11795,positive,neutral,False,confusion_pair,implicit_positive,At its finest là thành ngữ khen; có thể mỉa mai nếu có bối cảnh ngoài.,candidate_explanation,AI assistant; direct qualitative reading,False
415,positive,neutral,False,confusion_pair,implicit_positive,Match made in heaven là thành ngữ khen quan hệ thương hiệu.,candidate_explanation,AI assistant; direct qualitative reading,False
2015,positive,neutral,False,confusion_pair,politeness,"Thanks for looking xen ID hành lý, ngữ cảnh hỗ trợ rõ hơn đánh giá.",candidate_explanation,AI assistant; direct qualitative reading,False
10391,negative,negative,True,correct_class_sample,correct_negation,Not entirely truthful được giữ và mô hình nhận đúng negative.,candidate_explanation,AI assistant; direct qualitative reading,False
5799,negative,negative,True,correct_class_sample,correct_complaint,"Invalid và messed up mô tả hậu quả, mô hình nhận đúng.",candidate_explanation,AI assistant; direct qualitative reading,False
10582,negative,negative,True,correct_class_sample,correct_complaint,Lost bag/terribleservice là phàn nàn trực tiếp.,candidate_explanation,AI assistant; direct qualitative reading,False
8651,negative,negative,True,correct_class_sample,correct_negation,"Not what you said và though, mô hình nhận đúng dù bỏ emoticon.",candidate_explanation,AI assistant; direct qualitative reading,False
4773,negative,negative,True,correct_class_sample,correct_complaint,Wrong info/miss flight/NotHappy là phàn nàn rõ.,candidate_explanation,AI assistant; direct qualitative reading,False
8656,neutral,neutral,True,correct_class_sample,correct_news,"Tin kỷ niệm và URL, mô hình nhận neutral.",candidate_explanation,AI assistant; direct qualitative reading,False
291,neutral,neutral,True,correct_class_sample,correct_news,"Tin lợi nhuận từ tài khoản báo chí, mô hình nhận neutral.",candidate_explanation,AI assistant; direct qualitative reading,False
4612,neutral,neutral,True,correct_class_sample,correct_question,"Câu hỏi tuổi kèm emoji khóc, mô hình vẫn theo nhãn neutral.",candidate_explanation,AI assistant; direct qualitative reading,False
9730,neutral,neutral,True,correct_class_sample,correct_request,"Follow/dm please là yêu cầu ngắn, mô hình nhận neutral.",candidate_explanation,AI assistant; direct qualitative reading,False
6150,neutral,neutral,True,correct_class_sample,correct_question,"Hỏi người thắng cuộc, mô hình nhận neutral.",candidate_explanation,AI assistant; direct qualitative reading,False
311,positive,positive,True,correct_class_sample,correct_positive,"Understanding/helped/thx giữ sau cleaning, mô hình nhận positive.",candidate_explanation,AI assistant; direct qualitative reading,False
12970,positive,positive,True,correct_class_sample,correct_positive,"Thank you so much là khen/cảm ơn ngắn, nhận đúng.",candidate_explanation,AI assistant; direct qualitative reading,False
5092,positive,positive,True,correct_class_sample,correct_mixed,"Thanks getting home despite snow, nhận đúng positive.",candidate_explanation,AI assistant; direct qualitative reading,False
12351,positive,positive,True,correct_class_sample,correct_politeness,"Thank you for replying xen hỏi đường, nhận đúng nhãn positive.",candidate_explanation,AI assistant; direct qualitative reading,False
7248,positive,positive,True,correct_class_sample,correct_positive,Awesomeness và best là tín hiệu tích cực rõ.,candidate_explanation,AI assistant; direct qualitative reading,False
6946,neutral,neutral,True,low_margin,low_margin_context,"Smh/RT/slang fleek và URL thiếu bối cảnh, dự đoán neutral đúng với margin thấp.",candidate_explanation,AI assistant; direct qualitative reading,False
2482,positive,positive,True,low_margin,low_margin_context,"Mô tả vị trí router kèm wink được gán positive, mô hình đúng nhưng ít tách biệt.",candidate_explanation,AI assistant; direct qualitative reading,False
7146,positive,neutral,False,low_margin,low_margin_mixed,"Thông tin ngày xen excited ở cuối, mô hình nhầm neutral và margin thấp.",candidate_explanation,AI assistant; direct qualitative reading,False
3609,neutral,neutral,True,low_margin,low_margin_context,Was in the air/DMd phụ thuộc trao đổi trước; nhận đúng neutral.,candidate_explanation,AI assistant; direct qualitative reading,False
4470,negative,neutral,False,low_margin,implicit_complaint,"Mất khoảng chỗ chân và đau đầu gối rõ nhưng mô hình nhầm neutral, margin thấp.",candidate_explanation,AI assistant; direct qualitative reading,False
812,neutral,negative,False,low_margin,neutral_problem,"Không gửi DM được là mô tả lỗi Twitter, nhãn neutral với hãng.",candidate_explanation,AI assistant; direct qualitative reading,False
4266,neutral,negative,False,low_margin,target_context,"Đề xuất kid section kèm wink, khó phân biệt trung tính/khó chịu khi đọc riêng.",candidate_explanation,AI assistant; direct qualitative reading,False
81,positive,positive,True,low_margin,low_margin_positive,"Ứng tuyển/100% interested/dreampath là hào hứng, nhận đúng positive với margin thấp.",candidate_explanation,AI assistant; direct qualitative reading,False
8803,negative,neutral,False,low_margin,implicit_complaint,"Just lost my business đối lập enjoy profits, khả năng mỉa mai, nhầm neutral.",candidate_explanation,AI assistant; direct qualitative reading,False
5378,negative,negative,True,low_margin,correct_complaint,"Too long wait bags là phàn nàn trực tiếp, nhận đúng nhưng margin thấp.",candidate_explanation,AI assistant; direct qualitative reading,False
