row_id,tweet_id,airline,true_label,raw_text,clean_text,predicted_label,correct,confidence,top2_margin,config_id,seed,prob_negative,prob_neutral,prob_positive,token_length,sequence_length_before_padding,unknown_tokens,oov_rate,truncated,empty_sequence,length_bin,flag_negation,flag_url,flag_any_oov,review_reason,reviewer_1_group,reviewer_2_group,review_notes
12292,570240784357830659,American,negative,@AmericanAir I picked the nonstop flight bc I had things to get to. Should’ve taken diff route or airline I suppose!,usermarker i picked the nonstop flight bc i had things to get to should have taken diff route or airline i suppose,neutral,False,0.43640056,0.010885,B5-balanced,3407,0.42551556,0.43640056,0.13808379,22,22,0,0.0,False,False,"(20.0, 24.0]",False,False,False,confusion_pair,,,
2805,568892505829347329,United,negative,@united we can't all be american airlines I suppose... http://t.co/0EWj7oKlji,usermarker we can not all be american airlines i suppose urlmarker,neutral,False,0.8901216,0.798083,B5-balanced,3407,0.09203858,0.8901216,0.017839877,11,11,0,0.0,False,False,"(-1.0, 13.0]",True,True,False,confusion_pair,,,
10333,569365604832047104,US Airways,negative,@USAirways just hit 4hrs.  what is typical wait time right now? should i drive 2h30m to the airport service desk?,usermarker just hit 4hrs what is typical wait time right now should i drive 2h30m to the airport service desk,neutral,False,0.6208704,0.40244886,B5-balanced,3407,0.16070805,0.6208704,0.21842155,20,20,2,0.1,False,False,"(13.0, 20.0]",False,False,True,confusion_pair,,,
2717,568940548301549568,United,negative,@United can you let us out of the gate now. UA1157,usermarker can you let us out of the gate now ua1157,neutral,False,0.85915864,0.77698755,B5-balanced,3407,0.08217107,0.85915864,0.058670152,11,11,1,0.0909090909090909,False,False,"(-1.0, 13.0]",False,False,True,confusion_pair,,,
12779,570027031326535680,American,negative,@AmericanAir I need assistance reFlight Booking Problems a flight from dfw to lit,usermarker i need assistance reflight booking problems a flight from dfw to lit,neutral,False,0.9133897,0.83905375,B5-balanced,3407,0.07433592,0.9133897,0.012274473,13,13,0,0.0,False,False,"(-1.0, 13.0]",False,False,False,confusion_pair,,,
14207,569654198901608448,American,negative,@AmericanAir 24 hours on the AirPort,usermarker 24 hours on the airport,neutral,False,0.90662587,0.8271415,B5-balanced,3407,0.07948433,0.90662587,0.013889874,6,6,0,0.0,False,False,"(-1.0, 13.0]",False,False,False,confusion_pair,,,
14353,569629215869382656,American,negative,@AmericanAir you have such a confusing web site/complicated ordering process. This is why I typically fly @SouthwestAir.,usermarker you have such a confusing web site complicated ordering process this is why i typically fly usermarker,neutral,False,0.6175075,0.3250087,B5-balanced,3407,0.29249883,0.6175075,0.089993544,18,18,4,0.2222222222222222,False,False,"(13.0, 20.0]",False,False,True,confusion_pair,,,
4515,570087941277495296,Southwest,negative,@SouthwestAir wifi stays connected about the lifetime of a higgs boson,usermarker wifi stays connected about the lifetime of a higgs boson,neutral,False,0.7924937,0.6022371,B5-balanced,3407,0.19025657,0.7924937,0.017249623,11,11,3,0.2727272727272727,False,False,"(-1.0, 13.0]",False,False,True,confusion_pair,,,
9263,570017568964132865,US Airways,negative,@USAirways very embarrassing.,usermarker very embarrassing,neutral,False,0.5410278,0.21932939,B5-balanced,3407,0.3216984,0.5410278,0.13727385,3,3,0,0.0,False,False,"(-1.0, 13.0]",False,False,False,confusion_pair,,,
5474,568958697856040961,Southwest,negative,@SouthwestAir I'm in line at the airport right now. Will you cover hotel fair or am I to sleep in the airport?,usermarker i am in line at the airport right now will you cover hotel fair or am i to sleep in the airport,neutral,False,0.64035374,0.3181354,B5-balanced,3407,0.32221833,0.64035374,0.037428,23,23,0,0.0,False,False,"(20.0, 24.0]",False,False,False,confusion_pair,,,
12742,570040802845421568,American,negative,"@AmericanAir thanks, but I had to hire a car in Chicago and drive to MKE. Does that mean I have to go to the airport?????",usermarker thanks but i had to hire a car in chicago and drive to mke does that mean i have to go to the airport,positive,False,0.75246155,0.5143003,B5-balanced,3407,0.009377207,0.23816128,0.75246155,25,25,0,0.0,False,False,"(24.0, inf]",False,False,False,confusion_pair,,,
9326,569984789673078785,US Airways,negative,@USAirways would help if you flew bigger planes into TLH. All my team mates made it to the training but me.,usermarker would help if you flew bigger planes into tlh all my team mates made it to the training but me,positive,False,0.7486216,0.54808474,B5-balanced,3407,0.050841562,0.20053685,0.7486216,21,21,3,0.1428571428571428,False,False,"(20.0, 24.0]",False,False,True,confusion_pair,,,
9332,569981015378112512,US Airways,negative,"@USAirways awesome... Doors close in 2 minutes, flight leaves in 17 minutes... And the plane just got here. WTH?",usermarker awesome doors close in 2 minutes flight leaves in 17 minutes and the plane just got here wth,positive,False,0.73949987,0.58374286,B5-balanced,3407,0.155757,0.10474318,0.73949987,19,19,0,0.0,False,False,"(13.0, 20.0]",False,False,False,confusion_pair,,,
14299,569640038302134273,American,negative,"As am I, @AmericanAir - but thankfully there was a @united lounge next door. Really not impressed by oneworld partnerships :(",as am i usermarker but thankfully there was a usermarker lounge next door really not impressed by oneworld partnerships,positive,False,0.43214026,0.072929084,B5-balanced,3407,0.20864864,0.35921118,0.43214026,19,19,2,0.1052631578947368,False,False,"(13.0, 20.0]",True,False,True,confusion_pair,,,
12403,570201172985974784,American,negative,@AmericanAir your cabin 'thank you' message reminds people about having choices when they fly. I will be choosing another airline next time.,usermarker your cabin thank you message reminds people about having choices when they fly i will be choosing another airline next time,positive,False,0.9181305,0.8604964,B5-balanced,3407,0.057634085,0.024235392,0.9181305,22,22,2,0.0909090909090909,False,False,"(20.0, 24.0]",False,False,True,confusion_pair,,,
13381,569877540698894336,American,negative,@AmericanAir the one at 11:30am? My app still shows it as on time!,usermarker the one at 11 30am my app still shows it as on time,positive,False,0.79825336,0.67687565,B5-balanced,3407,0.12137773,0.08036897,0.79825336,14,14,0,0.0,False,False,"(13.0, 20.0]",False,False,False,confusion_pair,,,
1537,569676535973744640,United,negative,@united good try but @SouthwestAir got her here safer and sooner,usermarker good try but usermarker got her here safer and sooner,positive,False,0.9126308,0.84026945,B5-balanced,3407,0.0150078,0.072361365,0.9126308,11,11,1,0.0909090909090909,False,False,"(-1.0, 13.0]",False,False,True,confusion_pair,,,
4440,570253313368698883,Southwest,negative,"@SouthwestAir LA always has traffic, but this is INSANE. I can't be the only one with this issue on flight 1625",usermarker la always has traffic but this is insane i can not be the only one with this issue on flight 1625,positive,False,0.6423799,0.41181487,B5-balanced,3407,0.12705512,0.230565,0.6423799,22,22,1,0.0454545454545454,False,False,"(20.0, 24.0]",True,False,True,confusion_pair,,,
2856,568860978231709697,United,negative,@united thanks for having ground crews that are surprised when flights arrive. #beingsuckontarmacsucks!,usermarker thanks for having ground crews that are surprised when flights arrive beingsuckontarmacsucks,positive,False,0.9266231,0.85791725,B5-balanced,3407,0.004671075,0.06870584,0.9266231,13,13,1,0.0769230769230769,False,False,"(-1.0, 13.0]",False,False,True,confusion_pair,,,
1298,569846237865885697,United,negative,"@united you've been officially displaced by @DeltaAssist for better flight experience, pleasant cabin crew and timeliness. UA 1m switching!",usermarker you have been officially displaced by usermarker for better flight experience pleasant cabin crew and timeliness ua 1m switching,positive,False,0.6311131,0.29214463,B5-balanced,3407,0.029918378,0.3389685,0.6311131,20,20,3,0.15,False,False,"(13.0, 20.0]",False,False,True,confusion_pair,,,
11160,568472259020648448,US Airways,neutral,@USAirways @AmericanAir for frequent flyer miles can we schedule interchangeably and get credit?,usermarker usermarker for frequent flyer miles can we schedule interchangeably and get credit,negative,False,0.67441154,0.37530985,B5-balanced,3407,0.67441154,0.29910168,0.026486723,13,13,1,0.0769230769230769,False,False,"(-1.0, 13.0]",False,False,True,confusion_pair,,,
3688,568186047659507712,United,neutral,"@united, Understandable. I did try Flight Booking Problems several times for 2 passengers &amp; got the messages I mentioned before. As for the agents price???",usermarker understandable i did try flight booking problems several times for 2 passengers got the messages i mentioned before as for the agents price,negative,False,0.85775465,0.7343092,B5-balanced,3407,0.85775465,0.12344542,0.018799946,24,24,0,0.0,False,False,"(20.0, 24.0]",False,False,False,confusion_pair,,,
11718,567800771774001153,US Airways,neutral,@USAirways conf number FMJTYL delayed - any chance of getting an earlier flight fll to phx?,usermarker conf number fmjtyl delayed any chance of getting an earlier flight fll to phx,negative,False,0.86710787,0.74781233,B5-balanced,3407,0.86710787,0.11929553,0.013596608,15,15,1,0.0666666666666666,False,False,"(13.0, 20.0]",False,False,True,confusion_pair,,,
11988,570275632518733825,American,neutral,@AmericanAir my key point of confusion is whether I can make this change even though the initial Flight Booking Problems was on US Airways metal?,usermarker my key point of confusion is whether i can make this change even though the initial flight booking problems was on us airways metal,negative,False,0.9493091,0.9092079,B5-balanced,3407,0.9493091,0.040101234,0.010589636,25,25,0,0.0,False,False,"(24.0, inf]",False,False,False,confusion_pair,,,
9258,570019623078383616,US Airways,neutral,@USAirways I’d suggest proper information dissemination to all staff on a more timely &amp; relevant schedule to prevent this in the future.,usermarker i would suggest proper information dissemination to all staff on a more timely relevant schedule to prevent this in the future,negative,False,0.70945626,0.495608,B5-balanced,3407,0.70945626,0.21384826,0.07669546,22,22,2,0.0909090909090909,False,False,"(20.0, 24.0]",False,False,True,confusion_pair,,,
2821,568883664219537408,United,neutral,@united this is for a check-in luggage. Employee told me not to include wheels in the dimensions.,usermarker this is for a check in luggage employee told me not to include wheels in the dimensions,negative,False,0.82351565,0.67888606,B5-balanced,3407,0.82351565,0.14462963,0.031854756,18,18,1,0.0555555555555555,False,False,"(13.0, 20.0]",True,False,True,confusion_pair,,,
7968,568920546043408385,Delta,neutral,"@JetBlue question, flying for the 1st time with my 16mont old son...do I need to bring anything for him? Birth certificate/S.S. card etc?",usermarker question flying for the 1st time with my 16mont old son do i need to bring anything for him birth certificate s s card etc,negative,False,0.5343478,0.080252916,B5-balanced,3407,0.5343478,0.45409486,0.01155737,26,26,2,0.0769230769230769,False,False,"(24.0, inf]",False,False,True,confusion_pair,,,
8000,568891233386561537,Delta,neutral,@JetBlue do you have any afternoon flights going from BQN to JFK? I only seem to find early morning flights.,usermarker do you have any afternoon flights going from bqn to jfk i only seem to find early morning flights,negative,False,0.8759805,0.7747953,B5-balanced,3407,0.8759805,0.10118519,0.022834335,20,20,1,0.05,False,False,"(13.0, 20.0]",False,False,True,confusion_pair,,,
7954,568931762518110208,Delta,neutral,@JetBlue thanks! I only loose 'em at airports...1st time we found it. I think @fitbit needs to make flexes that stay on when carrying bags!,usermarker thanks i only loose em at airports 1st time we found it i think usermarker needs to make flexes that stay on when carrying bags,negative,False,0.8457103,0.71121716,B5-balanced,3407,0.8457103,0.13449308,0.019796673,26,26,2,0.0769230769230769,False,False,"(24.0, inf]",False,False,True,confusion_pair,,,
12077,570298679250305024,American,neutral,@AmericanAir u r horrible.went online to Cancelled Flight flight-no button-4that.Called CS &amp;wait time 40 mins&amp;put in my #.800#called&amp;it hungupNOHELP,usermarker u r horrible went online to cancelled flight flight no button 4that called cs wait time 40 mins put in my 800 called it hungupnohelp,negative,False,0.96226585,0.9334591,B5-balanced,3407,0.96226585,0.028806727,0.008927496,26,26,2,0.0769230769230769,False,False,"(24.0, inf]",True,False,True,confusion_pair,,,
6286,568082378406682624,Southwest,neutral,@SouthwestAir @love_dragonss LAUREN IM SCREAKJMF,usermarker usermarker lauren im screakjmf,positive,False,0.5553726,0.16194496,B5-balanced,3407,0.051199768,0.39342764,0.5553726,5,5,1,0.2,False,False,"(-1.0, 13.0]",False,False,True,confusion_pair,,,
4647,569961977231106048,Southwest,neutral,@SouthwestAir continues to prove to be the best airlines 💪,usermarker continues to prove to be the best airlines,positive,False,0.9203873,0.8676372,B5-balanced,3407,0.026862564,0.052750103,0.9203873,9,9,0,0.0,False,False,"(-1.0, 13.0]",False,False,False,confusion_pair,,,
1325,569826992251473921,United,neutral,@united hi -- @united was. Thank you!,usermarker hi usermarker was thank you,positive,False,0.82014656,0.6580059,B5-balanced,3407,0.01771279,0.16214065,0.82014656,6,6,0,0.0,False,False,"(-1.0, 13.0]",False,False,False,confusion_pair,,,
8960,567690417265975296,Delta,neutral,@JetBlue really caring??,usermarker really caring,positive,False,0.3945049,0.08988339,B5-balanced,3407,0.30087355,0.30462152,0.3945049,3,3,0,0.0,False,False,"(-1.0, 13.0]",False,False,False,confusion_pair,,,
13804,569714755109294080,American,neutral,@AmericanAir no worries you're swamped I know just dmd back THANK U,usermarker no worries you are swamped i know just dmd back thank u,positive,False,0.9866244,0.97502524,B5-balanced,3407,0.0017764125,0.011599179,0.9866244,13,13,2,0.1538461538461538,False,False,"(-1.0, 13.0]",True,False,True,confusion_pair,,,
8290,568527922576777216,Delta,neutral,@JetBlue excited for my first flight w/ you today! It's delayed though- can you give me the 411? Flight number 989 from Boston to DC,usermarker excited for my first flight w you today it is delayed though can you give me the 411 flight number 989 from boston to dc,positive,False,0.93396837,0.87363154,B5-balanced,3407,0.005694734,0.060336847,0.93396837,26,26,2,0.0769230769230769,False,False,"(24.0, inf]",False,False,True,confusion_pair,,,
2783,568901828055707648,United,neutral,@united as a million mile flier I'm embarrassed to ask how long ago his launched?,usermarker as a million mile flier i am embarrassed to ask how long ago his launched,positive,False,0.8081725,0.66218,B5-balanced,3407,0.045834932,0.1459925,0.8081725,16,16,2,0.125,False,False,"(13.0, 20.0]",False,False,True,confusion_pair,,,
8590,568140329821577217,Delta,neutral,@JetBlue Thanks for the FB. message telling me I will have to wait between 1-3 days.  I'm waiting.,usermarker thanks for the fb message telling me i will have to wait between 1 3 days i am waiting,positive,False,0.905419,0.8376217,B5-balanced,3407,0.0267838,0.06779728,0.905419,20,20,0,0.0,False,False,"(13.0, 20.0]",False,False,False,confusion_pair,,,
8035,568850770331721728,Delta,neutral,@JetBlue #AfterAll indeed! https://t.co/swWhYhEn76 #LoveSongFriday #Cheesy #80sweresomuchfun #BrandLoveAffair,usermarker afterall indeed urlmarker lovesongfriday cheesy 80sweresomuchfun brandloveaffair,positive,False,0.94519645,0.894639,B5-balanced,3407,0.004246068,0.05055745,0.94519645,8,8,4,0.5,False,False,"(-1.0, 13.0]",False,True,True,confusion_pair,,,
5995,568440514506301440,Southwest,neutral,"@southwestair has 22 employees on Social Care Team, 4 staff the Listening Ctr. at any time-rest of spots filled by other areas. #RaganDisney",usermarker has 22 employees on social care team 4 staff the listening ctr at any time rest of spots filled by other areas ragandisney,positive,False,0.55110496,0.28702828,B5-balanced,3407,0.18481824,0.26407668,0.55110496,24,24,4,0.1666666666666666,False,False,"(20.0, 24.0]",False,False,True,confusion_pair,,,
8294,568524724256444416,Delta,positive,"@JetBlue okie doke! Knowing you, you will fix this ;)",usermarker okie doke knowing you you will fix this,negative,False,0.81282836,0.64449185,B5-balanced,3407,0.81282836,0.1683365,0.018835122,9,9,2,0.2222222222222222,False,False,"(-1.0, 13.0]",False,False,True,confusion_pair,,,
5026,569520929128251392,Southwest,positive,"@SouthwestAir Although the wait was long due to weather r/scheduling, a phone call and super rep solved the issue! Thank you!!",usermarker although the wait was long due to weather r scheduling a phone call and super rep solved the issue thank you,negative,False,0.45648554,0.15533242,B5-balanced,3407,0.45648554,0.30115312,0.24236134,22,22,0,0.0,False,False,"(20.0, 24.0]",False,False,False,confusion_pair,,,
2425,569213883371683840,United,positive,"@united gave me a smile today, with a Zero Award... ;-) Computers have some sense of humour :-) http://t.co/JNqNbk7HuT",usermarker gave me a smile today with a zero award computers have some sense of humour urlmarker,negative,False,0.9139366,0.840376,B5-balanced,3407,0.9139366,0.073560566,0.012502836,17,17,1,0.0588235294117647,False,False,"(13.0, 20.0]",False,True,True,confusion_pair,,,
8298,568510973469855745,Delta,positive,".@JetBlue Wish you would make Austin, TX a hub. Missing you as my “only” airline for all my biz travel since I moved from BOS. :(",usermarker wish you would make austin tx a hub missing you as my only airline for all my biz travel since i moved from bos,negative,False,0.943367,0.89266765,B5-balanced,3407,0.943367,0.050699364,0.0059336536,25,25,0,0.0,False,False,"(24.0, inf]",False,False,False,confusion_pair,,,
773,570086399627685888,United,positive,"@united flight ua3576, gate b1. And tell ray I somehow made it on to the 736 flight out of IAH and didn't have to wait for the 917 one. :)",usermarker flight ua3576 gate b1 and tell ray i somehow made it on to the 736 flight out of iah and did not have to wait for the 917 one,negative,False,0.9340395,0.8874207,B5-balanced,3407,0.9340395,0.04661876,0.019341798,30,30,5,0.1666666666666666,False,False,"(24.0, inf]",True,False,True,confusion_pair,,,
13855,569700922248581121,American,positive,@AmericanAir Didn't really need anything. Saw your mentions are often negative. Keep up the good work. #gratitude  🇺🇸✈️,usermarker did not really need anything saw your mentions are often negative keep up the good work gratitude,negative,False,0.8091203,0.6725806,B5-balanced,3407,0.8091203,0.1365397,0.054340057,18,18,3,0.1666666666666666,False,False,"(13.0, 20.0]",True,False,True,confusion_pair,,,
6339,568050804101410816,Southwest,positive,@SouthwestAir @DeltaPoints hey at least you guys are honest with your customers unlike @Delta,usermarker usermarker hey at least you guys are honest with your customers unlike usermarker,negative,False,0.86334074,0.7576734,B5-balanced,3407,0.86334074,0.10566738,0.030991849,14,14,1,0.0714285714285714,False,False,"(13.0, 20.0]",False,False,True,confusion_pair,,,
13733,569731189214351360,American,positive,@AmericanAir gate agent Jan L at Phoenix was at least able to get my younger daughter seated near my wife. Thank you!,usermarker gate agent jan l at phoenix was at least able to get my younger daughter seated near my wife thank you,negative,False,0.44681013,0.12441793,B5-balanced,3407,0.44681013,0.3223922,0.23079766,22,22,1,0.0454545454545454,False,False,"(20.0, 24.0]",False,False,True,confusion_pair,,,
9594,569850182784966656,US Airways,positive,@USAirways is alright with me. Please give Scott F at BDL a bonus for excellent customer service,usermarker is alright with me please give scott f at bdl a bonus for excellent customer service,negative,False,0.536413,0.1583009,B5-balanced,3407,0.536413,0.08547486,0.3781121,17,17,1,0.0588235294117647,False,False,"(13.0, 20.0]",False,False,True,confusion_pair,,,
1636,569639780276953088,United,positive,"@united you all do a wonderful job today. Got my wife, daughter, and myself from PGH to Orlando after out flight was delayed luggage and all",usermarker you all do a wonderful job today got my wife daughter and myself from pgh to orlando after out flight was delayed luggage and all,negative,False,0.41163582,0.045309037,B5-balanced,3407,0.41163582,0.22203743,0.36632678,26,26,1,0.0384615384615384,False,False,"(24.0, inf]",False,False,True,confusion_pair,,,
4898,569667246026416130,Southwest,positive,@SouthwestAir got mine!  Just in time for the wife and my 15th anniversary!,usermarker got mine just in time for the wife and my 15th anniversary,neutral,False,0.4911928,0.07985705,B5-balanced,3407,0.097471535,0.4911928,0.41133574,13,13,0,0.0,False,False,"(-1.0, 13.0]",False,False,False,confusion_pair,,,
13,570287408438120448,Virgin America,positive,@VirginAmerica @virginmedia I'm flying your #fabulous #Seductive skies again! U take all the #stress away from travel http://t.co/ahlXHhKiyn,usermarker usermarker i am flying your fabulous seductive skies again u take all the stress away from travel urlmarker,neutral,False,0.557504,0.1654442,B5-balanced,3407,0.050436154,0.557504,0.3920598,19,19,1,0.0526315789473684,False,False,"(13.0, 20.0]",False,True,True,confusion_pair,,,
4024,567868544572063744,United,positive,@united Give Cyndi &amp; Troy each a gold star.,usermarker give cyndi troy each a gold star,neutral,False,0.8590431,0.7730286,B5-balanced,3407,0.054942396,0.8590431,0.08601451,8,8,2,0.25,False,False,"(-1.0, 13.0]",False,False,True,confusion_pair,,,
5270,569223862941929472,Southwest,positive,@SouthwestAir y'all are fast we already have our 5 winners! Congrats!!,usermarker y all are fast we already have our 5 winners congrats,neutral,False,0.45977944,0.085327715,B5-balanced,3407,0.37445173,0.45977944,0.16576882,12,12,0,0.0,False,False,"(-1.0, 13.0]",False,False,False,confusion_pair,,,
3566,568264293478744064,United,positive,"@united yes, Thx! At 10:35 (landed at 9:20).",usermarker yes thx at 10 35 landed at 9 20,neutral,False,0.43431768,0.008814603,B5-balanced,3407,0.1401792,0.43431768,0.42550308,10,10,0,0.0,False,False,"(-1.0, 13.0]",False,False,False,confusion_pair,,,
4876,569670904852172800,Southwest,positive,@SouthwestAir.   50th Anniversary on April 10th. Still. Sweethearts.  Companions.  Lifetime.  Sons.  Families. Love.,usermarker 50th anniversary on april 10th still sweethearts companions lifetime sons families love,neutral,False,0.6322425,0.40312278,B5-balanced,3407,0.13863775,0.6322425,0.22911972,13,13,6,0.4615384615384615,False,False,"(-1.0, 13.0]",False,False,True,confusion_pair,,,
1617,569643671198572544,United,positive,@united thanks for updating me about the 1+ hour delay the exact second I got to ATL. 🙅🙅🙅,usermarker thanks for updating me about the 1 hour delay the exact second i got to atl,neutral,False,0.6095083,0.2915853,B5-balanced,3407,0.072568685,0.6095083,0.31792298,17,17,0,0.0,False,False,"(13.0, 20.0]",False,False,False,confusion_pair,,,
11795,567755891714174976,US Airways,positive,@USAirways customer service at its finest,usermarker customer service at its finest,neutral,False,0.85796696,0.77414286,B5-balanced,3407,0.05820895,0.85796696,0.0838241,6,6,1,0.1666666666666666,False,False,"(-1.0, 13.0]",False,False,True,confusion_pair,,,
415,568140092453179394,Virgin America,positive,@VirginAmerica Giants and Virgin America. A match made in heaven.,usermarker giants and virgin america a match made in heaven,neutral,False,0.5973351,0.25064588,B5-balanced,3407,0.055975575,0.5973351,0.34668922,10,10,2,0.2,False,False,"(-1.0, 13.0]",False,False,True,confusion_pair,,,
2015,569474700386045955,United,positive,@united My bag reference ID number is IND43728M. Thanks for looking at it.,usermarker my bag reference id number is ind43728m thanks for looking at it,neutral,False,0.7916355,0.6363932,B5-balanced,3407,0.053122073,0.7916355,0.15524232,13,13,1,0.0769230769230769,False,False,"(-1.0, 13.0]",False,False,True,confusion_pair,,,
10391,569337230935724032,US Airways,negative,@USAirways understood. It simply feels as if the staff is not being entirely truthful about the situation.,usermarker understood it simply feels as if the staff is not being entirely truthful about the situation,negative,True,0.8673051,0.7841561,B5-balanced,3407,0.8673051,0.08314902,0.04954597,17,17,1,0.0588235294117647,False,False,"(13.0, 20.0]",True,False,True,correct_class_sample,,,
5799,568587490971533312,Southwest,negative,@SouthwestAir because your gate attendant let someone board whose boarding pass kept reading invalid. This messed up the passenger log.,usermarker because your gate attendant let someone board whose boarding pass kept reading invalid this messed up the passenger log,negative,True,0.9868664,0.97559667,B5-balanced,3407,0.9868664,0.011269777,0.0018638177,20,20,0,0.0,False,False,"(13.0, 20.0]",False,False,False,correct_class_sample,,,
10582,569163241781403648,US Airways,negative,@USAirways - I'm currently missing a basketball game due to your lost bag policy #terribleservice #wheresmyrefund,usermarker i am currently missing a basketball game due to your lost bag policy terribleservice wheresmyrefund,negative,True,0.97455776,0.9546311,B5-balanced,3407,0.97455776,0.019926645,0.00551563,16,16,2,0.125,False,False,"(13.0, 20.0]",False,False,True,correct_class_sample,,,
8651,568080542345895937,Delta,negative,"It's on me, @JetBlue! That's not what you said last night, though... :(",it is on me usermarker that is not what you said last night though,negative,True,0.71212536,0.5372789,B5-balanced,3407,0.71212536,0.17484644,0.113028206,14,14,0,0.0,False,False,"(13.0, 20.0]",True,False,False,correct_class_sample,,,
4773,569842095483199488,Southwest,negative,@SouthwestAir Gate agent gave me wrong departure info and caused me to miss my flight and now I am on stand by! #NotHappy,usermarker gate agent gave me wrong departure info and caused me to miss my flight and now i am on stand by nothappy,negative,True,0.99123967,0.98433095,B5-balanced,3407,0.99123967,0.0069086985,0.0018516065,23,23,0,0.0,False,False,"(20.0, 24.0]",False,False,False,correct_class_sample,,,
8656,568071468312981504,Delta,neutral,@JetBlue Celebrates 15-Year Anniversary With New Livery - @CNNMoney http://t.co/p7skxZVe1A,usermarker celebrates 15 year anniversary with new livery usermarker urlmarker,neutral,True,0.8872108,0.8166508,B5-balanced,3407,0.04222927,0.8872108,0.07055997,10,10,1,0.1,False,False,"(-1.0, 13.0]",False,True,True,correct_class_sample,,,
291,568845553104068609,Virgin America,neutral,@VirginAmerica posts second consecutive full-year net profit - @ATWOnline http://t.co/tvB5zbzVhg,usermarker posts second consecutive full year net profit usermarker urlmarker,neutral,True,0.71578836,0.4567156,B5-balanced,3407,0.25907275,0.71578836,0.025138913,10,10,2,0.2,False,False,"(-1.0, 13.0]",False,True,True,correct_class_sample,,,
4612,569980137346707456,Southwest,neutral,@SouthwestAir Why do you have to be 18 😭,usermarker why do you have to be 18,neutral,True,0.8796029,0.8081365,B5-balanced,3407,0.071466364,0.8796029,0.048930787,8,8,0,0.0,False,False,"(-1.0, 13.0]",False,False,False,correct_class_sample,,,
9730,569691438784647168,US Airways,neutral,@USAirways follow/dm please,usermarker follow dm please,neutral,True,0.9204862,0.87993354,B5-balanced,3407,0.040552672,0.9204862,0.03896114,4,4,0,0.0,False,False,"(-1.0, 13.0]",False,False,False,correct_class_sample,,,
6150,568180422070247424,Southwest,neutral,@SouthwestAir k but who won destination dragons,usermarker k but who won destination dragons,neutral,True,0.83400446,0.71397436,B5-balanced,3407,0.045965403,0.83400446,0.12003009,7,7,0,0.0,False,False,"(-1.0, 13.0]",False,False,False,correct_class_sample,,,
311,568795139512127488,Virgin America,positive,.@VirginAmerica They were very understanding and helped me out.  Thx! #Comps,usermarker they were very understanding and helped me out thx comps,positive,True,0.92104334,0.8515059,B5-balanced,3407,0.00941924,0.06953749,0.92104334,11,11,2,0.1818181818181818,False,False,"(-1.0, 13.0]",False,False,True,correct_class_sample,,,
12970,569971756498329600,American,positive,@AmericanAir Thank you so much.,usermarker thank you so much,positive,True,0.9918857,0.9851382,B5-balanced,3407,0.0013667784,0.006747537,0.9918857,5,5,0,0.0,False,False,"(-1.0, 13.0]",False,False,False,correct_class_sample,,,
5092,569351618522705920,Southwest,positive,@SouthwestAir thanks for getting me home from Denver tonight despite the snow!,usermarker thanks for getting me home from denver tonight despite the snow,positive,True,0.9224894,0.8472807,B5-balanced,3407,0.0023018443,0.07520874,0.9224894,12,12,0,0.0,False,False,"(-1.0, 13.0]",False,False,False,correct_class_sample,,,
12351,570222414400860160,American,positive,@AmericanAir thank you for replying. Trying to figure out how to get from there from DFW,usermarker thank you for replying trying to figure out how to get from there from dfw,positive,True,0.92878145,0.87092775,B5-balanced,3407,0.01336489,0.05785371,0.92878145,16,16,0,0.0,False,False,"(13.0, 20.0]",False,False,False,correct_class_sample,,,
7248,569775081636782081,Delta,positive,"@JetBlue flight from JFK-SFO was pure awesomeness. Mint Class and Tim our attendant was the best! Other airlines, take notes!",usermarker flight from jfk sfo was pure awesomeness mint class and tim our attendant was the best other airlines take notes,positive,True,0.8721729,0.7560264,B5-balanced,3407,0.0116806775,0.11614649,0.8721729,21,21,3,0.1428571428571428,False,False,"(20.0, 24.0]",False,False,True,correct_class_sample,,,
6946,570000250225754114,Delta,neutral,smh RT @JetBlue: Our fleet's on fleek. http://t.co/IRiXaIfJJX,smh rt usermarker our fleet s on fleek urlmarker,neutral,True,0.48258752,0.00021654367,B5-balanced,3407,0.48237097,0.48258752,0.035041504,9,9,0,0.0,False,False,"(-1.0, 13.0]",False,True,False,low_margin,,,
2482,569175138349887488,United,positive,"@united oh, the Wi-Fi router is on top of the fuselage! ;)",usermarker oh the wi fi router is on top of the fuselage,positive,True,0.45882452,0.00050503016,B5-balanced,3407,0.082856044,0.4583195,0.45882452,12,12,2,0.1666666666666666,False,False,"(-1.0, 13.0]",False,False,True,low_margin,,,
7146,569925551475056640,Delta,positive,@JetBlue I have a little more time then that..lol. Well actually a lot more. 36 days more. But I'm just excited!!,usermarker i have a little more time then that lol well actually a lot more 36 days more but i am just excited,neutral,False,0.42641598,0.00054347515,B5-balanced,3407,0.14771149,0.42641598,0.4258725,23,23,0,0.0,False,False,"(20.0, 24.0]",False,False,False,low_margin,,,
3609,568236000390082560,United,neutral,@united was in the air. Just DMd you,usermarker was in the air just dmd you,neutral,True,0.43166214,0.0011347532,B5-balanced,3407,0.1378105,0.43166214,0.4305274,8,8,1,0.125,False,False,"(-1.0, 13.0]",False,False,True,low_margin,,,
4470,570224618272731136,Southwest,negative,@SouthwestAir 25 year customer but I am 6 3 and those lost 2 or 3 inches really hurt  every time the person in front shifts he raps my knees,usermarker 25 year customer but i am 6 3 and those lost 2 or 3 inches really hurt every time the person in front shifts he raps my knees,neutral,False,0.45993328,0.0016568303,B5-balanced,3407,0.45827645,0.45993328,0.08179023,29,29,3,0.1034482758620689,False,False,"(24.0, inf]",False,False,True,low_margin,,,
812,570069236971806720,United,neutral,@united Twitter isn't letting me DM you..,usermarker twitter is not letting me dm you,negative,False,0.4861246,0.0018521547,B5-balanced,3407,0.4861246,0.48427245,0.02960291,8,8,0,0.0,False,False,"(-1.0, 13.0]",True,False,False,low_margin,,,
4266,567742857411166208,United,neutral,"@united I normally ask people to put on headphones...but not toddlers. Maybe planes should have a ""kid"" section (near the back) ;)",usermarker i normally ask people to put on headphones but not toddlers maybe planes should have a kid section near the back,negative,False,0.45715106,0.001973033,B5-balanced,3407,0.45715106,0.45517802,0.08767079,22,22,2,0.0909090909090909,False,False,"(20.0, 24.0]",True,False,True,low_margin,,,
81,569933777931145216,Virgin America,positive,@VirginAmerica I've applied more then once to be a member of the #inflight crew team...Im 100% interested. #flightattendant #dreampath -G,usermarker i have applied more then once to be a member of the inflight crew team im 100 interested flightattendant dreampath g,positive,True,0.36260688,0.002583146,B5-balanced,3407,0.27736935,0.36002374,0.36260688,22,22,2,0.0909090909090909,False,False,"(20.0, 24.0]",False,False,True,low_margin,,,
8803,567836310775324672,Delta,negative,@JetBlue just lost my business   Enjoy your profits,usermarker just lost my business enjoy your profits,neutral,False,0.37529898,0.002631247,B5-balanced,3407,0.37266773,0.37529898,0.25203332,8,8,0,0.0,False,False,"(-1.0, 13.0]",False,False,False,low_margin,,,
5378,569158261301227520,Southwest,negative,@SouthwestAir too long to wait for bags when they could have been on the next flight out. The party of 4 could have waited in Albany,usermarker too long to wait for bags when they could have been on the next flight out the party of 4 could have waited in albany,negative,True,0.49095646,0.0049745142,B5-balanced,3407,0.49095646,0.48598194,0.023061574,26,26,0,0.0,False,False,"(24.0, inf]",False,False,False,low_margin,,,
